,d_layer,d_module_type,d_module_name,d_example_idx,d_token_idx,d_act_idx,u_layer,u_module_type,u_module_name,u_example_idx,u_token_idx,u_act_idx,ie,abs_ie,edge_abs_ie
0,11,resid,blocks.11.hook_resid_pre,0,4,10734,10,resid,blocks.10.hook_resid_pre,0,4,3621,0.002579718828201294,0.002579718828201294,0.002579718828201294
1,11,resid,blocks.11.hook_resid_pre,0,4,10734,10,resid,blocks.10.hook_resid_pre,0,4,7735,-0.0004603033303283155,0.0004603033303283155,0.0004603033303283155
2,11,resid,blocks.11.hook_resid_pre,0,4,10734,10,resid,blocks.10.hook_resid_pre,0,4,19738,-0.0005402910173870623,0.0005402910173870623,0.0005402910173870623
3,11,resid,blocks.11.hook_resid_pre,0,4,10734,10,resid,blocks.10.hook_resid_pre,0,4,22408,-0.0004302984743844718,0.0004302984743844718,0.0004302984743844718
4,11,resid,blocks.11.hook_resid_pre,0,4,10734,10,resid,blocks.10.hook_resid_pre,0,4,22633,-0.0004528755380306393,0.0004528755380306393,0.0004528755380306393
5,11,resid,blocks.11.hook_resid_pre,0,4,10734,10,resid,blocks.10.hook_resid_pre,0,4,24094,-0.00042128495988436043,0.00042128495988436043,0.00042128495988436043
6,11,resid,blocks.11.hook_resid_pre,0,4,10734,10,resid,blocks.10.hook_resid_pre,0,4,24969,0.0003443534660618752,0.0003443534660618752,0.0003443534660618752
7,11,resid,blocks.11.hook_resid_pre,0,14,819,10,resid,blocks.10.hook_resid_pre,0,4,3621,0.0030811047181487083,0.0030811047181487083,0.0030811047181487083
8,11,resid,blocks.11.hook_resid_pre,0,14,819,10,resid,blocks.10.hook_resid_pre,0,4,7735,-0.000549766409676522,0.000549766409676522,0.000549766409676522
9,11,resid,blocks.11.hook_resid_pre,0,14,819,10,resid,blocks.10.hook_resid_pre,0,4,19738,-0.0006453002570196986,0.0006453002570196986,0.0006453002570196986
10,11,resid,blocks.11.hook_resid_pre,0,14,819,10,resid,blocks.10.hook_resid_pre,0,4,22408,-0.0005139298737049103,0.0005139298737049103,0.0005139298737049103
11,11,resid,blocks.11.hook_resid_pre,0,14,819,10,resid,blocks.10.hook_resid_pre,0,4,22633,-0.0005408949800767004,0.0005408949800767004,0.0005408949800767004
12,11,resid,blocks.11.hook_resid_pre,0,14,819,10,resid,blocks.10.hook_resid_pre,0,4,24094,-0.0005031645996496081,0.0005031645996496081,0.0005031645996496081
13,11,resid,blocks.11.hook_resid_pre,0,14,819,10,resid,blocks.10.hook_resid_pre,0,4,24969,0.00041128089651465416,0.00041128089651465416,0.00041128089651465416
14,11,resid,blocks.11.hook_resid_pre,0,14,819,10,resid,blocks.10.hook_resid_pre,0,14,7969,0.0005129000055603683,0.0005129000055603683,0.0005129000055603683
15,11,resid,blocks.11.hook_resid_pre,0,14,819,10,resid,blocks.10.hook_resid_pre,0,14,14720,-0.0005401336820796132,0.0005401336820796132,0.0005401336820796132
16,11,resid,blocks.11.hook_resid_pre,0,14,819,10,resid,blocks.10.hook_resid_pre,0,14,17570,-0.0006755077629350126,0.0006755077629350126,0.0006755077629350126
17,11,resid,blocks.11.hook_resid_pre,0,14,6620,10,resid,blocks.10.hook_resid_pre,0,4,3621,-0.0032342360354959965,0.0032342360354959965,0.0032342360354959965
18,11,resid,blocks.11.hook_resid_pre,0,14,6620,10,resid,blocks.10.hook_resid_pre,0,4,7735,0.0005770899588242173,0.0005770899588242173,0.0005770899588242173
19,11,resid,blocks.11.hook_resid_pre,0,14,6620,10,resid,blocks.10.hook_resid_pre,0,4,19738,0.0006773718050681055,0.0006773718050681055,0.0006773718050681055
20,11,resid,blocks.11.hook_resid_pre,0,14,6620,10,resid,blocks.10.hook_resid_pre,0,4,22408,0.0005394722684286535,0.0005394722684286535,0.0005394722684286535
21,11,resid,blocks.11.hook_resid_pre,0,14,6620,10,resid,blocks.10.hook_resid_pre,0,4,22633,0.0005677775479853153,0.0005677775479853153,0.0005677775479853153
22,11,resid,blocks.11.hook_resid_pre,0,14,6620,10,resid,blocks.10.hook_resid_pre,0,4,24094,0.0005281718913465738,0.0005281718913465738,0.0005281718913465738
23,11,resid,blocks.11.hook_resid_pre,0,14,6620,10,resid,blocks.10.hook_resid_pre,0,4,24969,-0.00043172165169380605,0.00043172165169380605,0.00043172165169380605
24,11,resid,blocks.11.hook_resid_pre,0,14,6620,10,resid,blocks.10.hook_resid_pre,0,14,7969,-0.0005383912357501686,0.0005383912357501686,0.0005383912357501686
25,11,resid,blocks.11.hook_resid_pre,0,14,6620,10,resid,blocks.10.hook_resid_pre,0,14,14720,0.0005669783568009734,0.0005669783568009734,0.0005669783568009734
26,11,resid,blocks.11.hook_resid_pre,0,14,6620,10,resid,blocks.10.hook_resid_pre,0,14,17570,0.0007090805447660387,0.0007090805447660387,0.0007090805447660387
27,11,resid,blocks.11.hook_resid_pre,0,14,17347,10,resid,blocks.10.hook_resid_pre,0,4,3621,0.0015830779448151588,0.0015830779448151588,0.0015830779448151588
28,11,resid,blocks.11.hook_resid_pre,0,14,17347,10,resid,blocks.10.hook_resid_pre,0,4,7735,-0.0002824710973072797,0.0002824710973072797,0.0002824710973072797
29,11,resid,blocks.11.hook_resid_pre,0,14,17347,10,resid,blocks.10.hook_resid_pre,0,4,19738,-0.00033155662822537124,0.00033155662822537124,0.00033155662822537124
30,11,resid,blocks.11.hook_resid_pre,0,14,17347,10,resid,blocks.10.hook_resid_pre,0,4,22408,-0.0002640582388266921,0.0002640582388266921,0.0002640582388266921
31,11,resid,blocks.11.hook_resid_pre,0,14,17347,10,resid,blocks.10.hook_resid_pre,0,4,22633,-0.00027791294269263744,0.00027791294269263744,0.00027791294269263744
32,11,resid,blocks.11.hook_resid_pre,0,14,17347,10,resid,blocks.10.hook_resid_pre,0,4,24094,-0.0002585269685368985,0.0002585269685368985,0.0002585269685368985
33,11,resid,blocks.11.hook_resid_pre,0,14,17347,10,resid,blocks.10.hook_resid_pre,0,4,24969,0.00021131696121301502,0.00021131696121301502,0.00021131696121301502
34,11,resid,blocks.11.hook_resid_pre,0,14,17347,10,resid,blocks.10.hook_resid_pre,0,14,7969,0.0002635290438774973,0.0002635290438774973,0.0002635290438774973
35,11,resid,blocks.11.hook_resid_pre,0,14,17347,10,resid,blocks.10.hook_resid_pre,0,14,14720,-0.00027752178721129894,0.00027752178721129894,0.00027752178721129894
36,11,resid,blocks.11.hook_resid_pre,0,14,17347,10,resid,blocks.10.hook_resid_pre,0,14,17570,-0.0003470772644504905,0.0003470772644504905,0.0003470772644504905
37,11,resid,blocks.11.hook_resid_pre,0,14,20083,10,resid,blocks.10.hook_resid_pre,0,4,3621,-0.003598250215873122,0.003598250215873122,0.003598250215873122
38,11,resid,blocks.11.hook_resid_pre,0,14,20083,10,resid,blocks.10.hook_resid_pre,0,4,7735,0.0006420415011234581,0.0006420415011234581,0.0006420415011234581
39,11,resid,blocks.11.hook_resid_pre,0,14,20083,10,resid,blocks.10.hook_resid_pre,0,4,19738,0.0007536101620644331,0.0007536101620644331,0.0007536101620644331
40,11,resid,blocks.11.hook_resid_pre,0,14,20083,10,resid,blocks.10.hook_resid_pre,0,4,22408,0.0006001900183036923,0.0006001900183036923,0.0006001900183036923
41,11,resid,blocks.11.hook_resid_pre,0,14,20083,10,resid,blocks.10.hook_resid_pre,0,4,22633,0.0006316810031421483,0.0006316810031421483,0.0006316810031421483
42,11,resid,blocks.11.hook_resid_pre,0,14,20083,10,resid,blocks.10.hook_resid_pre,0,4,24094,0.0005876178038306534,0.0005876178038306534,0.0005876178038306534
43,11,resid,blocks.11.hook_resid_pre,0,14,20083,10,resid,blocks.10.hook_resid_pre,0,4,24969,-0.00048031198093667626,0.00048031198093667626,0.00048031198093667626
44,11,resid,blocks.11.hook_resid_pre,0,14,20083,10,resid,blocks.10.hook_resid_pre,0,14,7969,-0.0005989872151985765,0.0005989872151985765,0.0005989872151985765
45,11,resid,blocks.11.hook_resid_pre,0,14,20083,10,resid,blocks.10.hook_resid_pre,0,14,14720,0.000630791939329356,0.000630791939329356,0.000630791939329356
46,11,resid,blocks.11.hook_resid_pre,0,14,20083,10,resid,blocks.10.hook_resid_pre,0,14,17570,0.0007888877298682928,0.0007888877298682928,0.0007888877298682928
47,10,resid,blocks.10.hook_resid_pre,0,4,3621,9,resid,blocks.9.hook_resid_pre,0,4,16516,-0.0007437452441081405,0.0007437452441081405,0.0007437452441081405
48,10,resid,blocks.10.hook_resid_pre,0,4,3621,9,resid,blocks.9.hook_resid_pre,0,4,16927,-0.0009890077635645866,0.0009890077635645866,0.0009890077635645866
49,10,resid,blocks.10.hook_resid_pre,0,4,3621,9,resid,blocks.9.hook_resid_pre,0,4,18589,0.002352150622755289,0.002352150622755289,0.002352150622755289
50,10,resid,blocks.10.hook_resid_pre,0,4,7735,9,resid,blocks.9.hook_resid_pre,0,4,16516,0.0012293620966374874,0.0012293620966374874,0.0012293620966374874
51,10,resid,blocks.10.hook_resid_pre,0,4,7735,9,resid,blocks.9.hook_resid_pre,0,4,16927,0.001634764950722456,0.001634764950722456,0.001634764950722456
52,10,resid,blocks.10.hook_resid_pre,0,4,7735,9,resid,blocks.9.hook_resid_pre,0,4,18589,-0.003887950675562024,0.003887950675562024,0.003887950675562024
53,10,resid,blocks.10.hook_resid_pre,0,4,19738,9,resid,blocks.9.hook_resid_pre,0,4,16516,0.0005151672521606088,0.0005151672521606088,0.0005151672521606088
54,10,resid,blocks.10.hook_resid_pre,0,4,19738,9,resid,blocks.9.hook_resid_pre,0,4,16927,0.0006850523641332984,0.0006850523641332984,0.0006850523641332984
55,10,resid,blocks.10.hook_resid_pre,0,4,19738,9,resid,blocks.9.hook_resid_pre,0,4,18589,-0.0016292554792016745,0.0016292554792016745,0.0016292554792016745
56,10,resid,blocks.10.hook_resid_pre,0,4,22408,9,resid,blocks.9.hook_resid_pre,0,4,16516,0.0005551979411393404,0.0005551979411393404,0.0005551979411393404
57,10,resid,blocks.10.hook_resid_pre,0,4,22408,9,resid,blocks.9.hook_resid_pre,0,4,16927,0.0007382838521152735,0.0007382838521152735,0.0007382838521152735
58,10,resid,blocks.10.hook_resid_pre,0,4,22408,9,resid,blocks.9.hook_resid_pre,0,4,18589,-0.0017558555118739605,0.0017558555118739605,0.0017558555118739605
59,10,resid,blocks.10.hook_resid_pre,0,4,22633,9,resid,blocks.9.hook_resid_pre,0,4,16516,0.0016143309185281396,0.0016143309185281396,0.0016143309185281396
60,10,resid,blocks.10.hook_resid_pre,0,4,22633,9,resid,blocks.9.hook_resid_pre,0,4,16927,0.002146683633327484,0.002146683633327484,0.002146683633327484
61,10,resid,blocks.10.hook_resid_pre,0,4,22633,9,resid,blocks.9.hook_resid_pre,0,4,18589,-0.005105443764477968,0.005105443764477968,0.005105443764477968
62,10,resid,blocks.10.hook_resid_pre,0,4,24094,9,resid,blocks.9.hook_resid_pre,0,4,16516,0.0006654442404396832,0.0006654442404396832,0.0006654442404396832
63,10,resid,blocks.10.hook_resid_pre,0,4,24094,9,resid,blocks.9.hook_resid_pre,0,4,16927,0.0008848857250995934,0.0008848857250995934,0.0008848857250995934
64,10,resid,blocks.10.hook_resid_pre,0,4,24094,9,resid,blocks.9.hook_resid_pre,0,4,18589,-0.0021045180037617683,0.0021045180037617683,0.0021045180037617683
65,10,resid,blocks.10.hook_resid_pre,0,4,24969,9,resid,blocks.9.hook_resid_pre,0,4,16516,-0.003185803769156337,0.003185803769156337,0.003185803769156337
66,10,resid,blocks.10.hook_resid_pre,0,4,24969,9,resid,blocks.9.hook_resid_pre,0,4,16927,-0.004236375913023949,0.004236375913023949,0.004236375913023949
67,10,resid,blocks.10.hook_resid_pre,0,4,24969,9,resid,blocks.9.hook_resid_pre,0,4,18589,0.010075344704091549,0.010075344704091549,0.010075344704091549
68,10,resid,blocks.10.hook_resid_pre,0,14,7969,9,resid,blocks.9.hook_resid_pre,0,4,16516,-0.0008818574133329093,0.0008818574133329093,0.0008818574133329093
69,10,resid,blocks.10.hook_resid_pre,0,14,7969,9,resid,blocks.9.hook_resid_pre,0,4,16927,-0.0011726646916940808,0.0011726646916940808,0.0011726646916940808
70,10,resid,blocks.10.hook_resid_pre,0,14,7969,9,resid,blocks.9.hook_resid_pre,0,4,18589,0.002788940677419305,0.002788940677419305,0.002788940677419305
71,10,resid,blocks.10.hook_resid_pre,0,14,7969,9,resid,blocks.9.hook_resid_pre,0,14,1721,-0.0015780921094119549,0.0015780921094119549,0.0015780921094119549
72,10,resid,blocks.10.hook_resid_pre,0,14,14720,9,resid,blocks.9.hook_resid_pre,0,4,16516,0.0008945747977122664,0.0008945747977122664,0.0008945747977122664
73,10,resid,blocks.10.hook_resid_pre,0,14,14720,9,resid,blocks.9.hook_resid_pre,0,4,16927,0.0011895759962499142,0.0011895759962499142,0.0011895759962499142
74,10,resid,blocks.10.hook_resid_pre,0,14,14720,9,resid,blocks.9.hook_resid_pre,0,4,18589,-0.0028291605412960052,0.0028291605412960052,0.0028291605412960052
75,10,resid,blocks.10.hook_resid_pre,0,14,14720,9,resid,blocks.9.hook_resid_pre,0,14,1721,0.0016008500242605805,0.0016008500242605805,0.0016008500242605805
76,10,resid,blocks.10.hook_resid_pre,0,14,17570,9,resid,blocks.9.hook_resid_pre,0,4,16516,0.0014309694524854422,0.0014309694524854422,0.0014309694524854422
77,10,resid,blocks.10.hook_resid_pre,0,14,17570,9,resid,blocks.9.hook_resid_pre,0,4,16927,0.001902855816297233,0.001902855816297233,0.001902855816297233
78,10,resid,blocks.10.hook_resid_pre,0,14,17570,9,resid,blocks.9.hook_resid_pre,0,4,18589,-0.0045255497097969055,0.0045255497097969055,0.0045255497097969055
79,10,resid,blocks.10.hook_resid_pre,0,14,17570,9,resid,blocks.9.hook_resid_pre,0,14,1721,0.00256073335185647,0.00256073335185647,0.00256073335185647
80,9,resid,blocks.9.hook_resid_pre,0,4,16516,8,resid,blocks.8.hook_resid_pre,0,4,9695,0.0020616359543055296,0.0020616359543055296,0.0020616359543055296
81,9,resid,blocks.9.hook_resid_pre,0,4,16516,8,resid,blocks.8.hook_resid_pre,0,4,13484,-0.0068033067509531975,0.0068033067509531975,0.0068033067509531975
82,9,resid,blocks.9.hook_resid_pre,0,4,16516,8,resid,blocks.8.hook_resid_pre,0,4,23603,0.0010424323845654726,0.0010424323845654726,0.0010424323845654726
83,9,resid,blocks.9.hook_resid_pre,0,4,16927,8,resid,blocks.8.hook_resid_pre,0,4,9695,0.0009842606959864497,0.0009842606959864497,0.0009842606959864497
84,9,resid,blocks.9.hook_resid_pre,0,4,16927,8,resid,blocks.8.hook_resid_pre,0,4,13484,-0.003248016582801938,0.003248016582801938,0.003248016582801938
85,9,resid,blocks.9.hook_resid_pre,0,4,16927,8,resid,blocks.8.hook_resid_pre,0,4,23603,0.0004976753261871636,0.0004976753261871636,0.0004976753261871636
86,9,resid,blocks.9.hook_resid_pre,0,4,18589,8,resid,blocks.8.hook_resid_pre,0,4,9695,-0.0007774246041662991,0.0007774246041662991,0.0007774246041662991
87,9,resid,blocks.9.hook_resid_pre,0,4,18589,8,resid,blocks.8.hook_resid_pre,0,4,13484,0.002565466333180666,0.002565466333180666,0.002565466333180666
88,9,resid,blocks.9.hook_resid_pre,0,4,18589,8,resid,blocks.8.hook_resid_pre,0,4,23603,-0.0003930919920094311,0.0003930919920094311,0.0003930919920094311
89,9,resid,blocks.9.hook_resid_pre,0,14,1721,8,resid,blocks.8.hook_resid_pre,0,4,9695,0.002236030763015151,0.002236030763015151,0.002236030763015151
90,9,resid,blocks.9.hook_resid_pre,0,14,1721,8,resid,blocks.8.hook_resid_pre,0,4,13484,-0.007378801237791777,0.007378801237791777,0.007378801237791777
91,9,resid,blocks.9.hook_resid_pre,0,14,1721,8,resid,blocks.8.hook_resid_pre,0,4,23603,0.0011306122178211808,0.0011306122178211808,0.0011306122178211808
92,9,resid,blocks.9.hook_resid_pre,0,14,1721,8,resid,blocks.8.hook_resid_pre,0,10,21345,0.0016590312588959932,0.0016590312588959932,0.0016590312588959932
93,9,resid,blocks.9.hook_resid_pre,0,14,1721,8,resid,blocks.8.hook_resid_pre,0,10,22430,0.0025543489027768373,0.0025543489027768373,0.0025543489027768373
94,8,resid,blocks.8.hook_resid_pre,0,4,9695,7,resid,blocks.7.hook_resid_pre,0,4,7176,0.00033145464840345085,0.00033145464840345085,0.00033145464840345085
95,8,resid,blocks.8.hook_resid_pre,0,4,9695,7,resid,blocks.7.hook_resid_pre,0,4,13981,0.00048573740059509873,0.00048573740059509873,0.00048573740059509873
96,8,resid,blocks.8.hook_resid_pre,0,4,9695,7,resid,blocks.7.hook_resid_pre,0,4,20483,0.0008741241763345897,0.0008741241763345897,0.0008741241763345897
97,8,resid,blocks.8.hook_resid_pre,0,4,9695,7,resid,blocks.7.hook_resid_pre,0,4,22468,-0.002244565635919571,0.002244565635919571,0.002244565635919571
98,8,resid,blocks.8.hook_resid_pre,0,4,13484,7,resid,blocks.7.hook_resid_pre,0,4,7176,-0.0004997647483833134,0.0004997647483833134,0.0004997647483833134
99,8,resid,blocks.8.hook_resid_pre,0,4,13484,7,resid,blocks.7.hook_resid_pre,0,4,13981,-0.0007323910831473768,0.0007323910831473768,0.0007323910831473768
100,8,resid,blocks.8.hook_resid_pre,0,4,13484,7,resid,blocks.7.hook_resid_pre,0,4,20483,-0.0013179975794628263,0.0013179975794628263,0.0013179975794628263
101,8,resid,blocks.8.hook_resid_pre,0,4,13484,7,resid,blocks.7.hook_resid_pre,0,4,22468,0.003384337993338704,0.003384337993338704,0.003384337993338704
102,8,resid,blocks.8.hook_resid_pre,0,4,23603,7,resid,blocks.7.hook_resid_pre,0,4,7176,0.0008600761066190898,0.0008600761066190898,0.0008600761066190898
103,8,resid,blocks.8.hook_resid_pre,0,4,23603,7,resid,blocks.7.hook_resid_pre,0,4,13981,0.0012604172807186842,0.0012604172807186842,0.0012604172807186842
104,8,resid,blocks.8.hook_resid_pre,0,4,23603,7,resid,blocks.7.hook_resid_pre,0,4,20483,0.002268224023282528,0.002268224023282528,0.002268224023282528
105,8,resid,blocks.8.hook_resid_pre,0,4,23603,7,resid,blocks.7.hook_resid_pre,0,4,22468,-0.005824318155646324,0.005824318155646324,0.005824318155646324
106,8,resid,blocks.8.hook_resid_pre,0,10,21345,7,resid,blocks.7.hook_resid_pre,0,4,7176,0.0005791608127765357,0.0005791608127765357,0.0005791608127765357
107,8,resid,blocks.8.hook_resid_pre,0,10,21345,7,resid,blocks.7.hook_resid_pre,0,4,13981,0.0008487437153235078,0.0008487437153235078,0.0008487437153235078
108,8,resid,blocks.8.hook_resid_pre,0,10,21345,7,resid,blocks.7.hook_resid_pre,0,4,20483,0.0015273839235305786,0.0015273839235305786,0.0015273839235305786
109,8,resid,blocks.8.hook_resid_pre,0,10,21345,7,resid,blocks.7.hook_resid_pre,0,4,22468,-0.003921997733414173,0.003921997733414173,0.003921997733414173
110,8,resid,blocks.8.hook_resid_pre,0,10,21345,7,resid,blocks.7.hook_resid_pre,0,10,8836,0.0006816340028308332,0.0006816340028308332,0.0006816340028308332
111,8,resid,blocks.8.hook_resid_pre,0,10,21345,7,resid,blocks.7.hook_resid_pre,0,10,18518,0.0021311319433152676,0.0021311319433152676,0.0021311319433152676
112,8,resid,blocks.8.hook_resid_pre,0,10,21345,7,resid,blocks.7.hook_resid_pre,0,10,18831,-0.0006637325859628618,0.0006637325859628618,0.0006637325859628618
113,8,resid,blocks.8.hook_resid_pre,0,10,22430,7,resid,blocks.7.hook_resid_pre,0,4,7176,0.0008444441482424736,0.0008444441482424736,0.0008444441482424736
114,8,resid,blocks.8.hook_resid_pre,0,10,22430,7,resid,blocks.7.hook_resid_pre,0,4,13981,0.0012375089572742581,0.0012375089572742581,0.0012375089572742581
115,8,resid,blocks.8.hook_resid_pre,0,10,22430,7,resid,blocks.7.hook_resid_pre,0,4,20483,0.0022269985638558865,0.0022269985638558865,0.0022269985638558865
116,8,resid,blocks.8.hook_resid_pre,0,10,22430,7,resid,blocks.7.hook_resid_pre,0,4,22468,-0.00571846030652523,0.00571846030652523,0.00571846030652523
117,8,resid,blocks.8.hook_resid_pre,0,10,22430,7,resid,blocks.7.hook_resid_pre,0,10,8836,0.0009938549483194947,0.0009938549483194947,0.0009938549483194947
118,8,resid,blocks.8.hook_resid_pre,0,10,22430,7,resid,blocks.7.hook_resid_pre,0,10,18518,0.0031072921119630337,0.0031072921119630337,0.0031072921119630337
119,8,resid,blocks.8.hook_resid_pre,0,10,22430,7,resid,blocks.7.hook_resid_pre,0,10,18831,-0.0009677538182586432,0.0009677538182586432,0.0009677538182586432
120,7,resid,blocks.7.hook_resid_pre,0,4,7176,6,resid,blocks.6.hook_resid_pre,0,1,19151,0.0006150457193143666,0.0006150457193143666,0.0006150457193143666
121,7,resid,blocks.7.hook_resid_pre,0,4,7176,6,resid,blocks.6.hook_resid_pre,0,3,4894,0.0009015697287395597,0.0009015697287395597,0.0009015697287395597
122,7,resid,blocks.7.hook_resid_pre,0,4,7176,6,resid,blocks.6.hook_resid_pre,0,3,8295,0.000969564716797322,0.000969564716797322,0.000969564716797322
123,7,resid,blocks.7.hook_resid_pre,0,4,7176,6,resid,blocks.6.hook_resid_pre,0,3,19481,0.0013263380387797952,0.0013263380387797952,0.0013263380387797952
124,7,resid,blocks.7.hook_resid_pre,0,4,7176,6,resid,blocks.6.hook_resid_pre,0,4,8928,-0.00482985470443964,0.00482985470443964,0.00482985470443964
125,7,resid,blocks.7.hook_resid_pre,0,4,7176,6,resid,blocks.6.hook_resid_pre,0,4,9197,0.000936110329348594,0.000936110329348594,0.000936110329348594
126,7,resid,blocks.7.hook_resid_pre,0,4,7176,6,resid,blocks.6.hook_resid_pre,0,4,14864,0.0015498606953769922,0.0015498606953769922,0.0015498606953769922
127,7,resid,blocks.7.hook_resid_pre,0,4,13981,6,resid,blocks.6.hook_resid_pre,0,1,19151,0.0008529088809154928,0.0008529088809154928,0.0008529088809154928
128,7,resid,blocks.7.hook_resid_pre,0,4,13981,6,resid,blocks.6.hook_resid_pre,0,3,4894,0.0012502435129135847,0.0012502435129135847,0.0012502435129135847
129,7,resid,blocks.7.hook_resid_pre,0,4,13981,6,resid,blocks.6.hook_resid_pre,0,3,8295,0.0013445349177345634,0.0013445349177345634,0.0013445349177345634
130,7,resid,blocks.7.hook_resid_pre,0,4,13981,6,resid,blocks.6.hook_resid_pre,0,3,19481,0.0018392869969829917,0.0018392869969829917,0.0018392869969829917
131,7,resid,blocks.7.hook_resid_pre,0,4,13981,6,resid,blocks.6.hook_resid_pre,0,4,8928,-0.0066977557726204395,0.0066977557726204395,0.0066977557726204395
132,7,resid,blocks.7.hook_resid_pre,0,4,13981,6,resid,blocks.6.hook_resid_pre,0,4,9197,0.0012981422478333116,0.0012981422478333116,0.0012981422478333116
133,7,resid,blocks.7.hook_resid_pre,0,4,13981,6,resid,blocks.6.hook_resid_pre,0,4,14864,0.002149254782125354,0.002149254782125354,0.002149254782125354
134,7,resid,blocks.7.hook_resid_pre,0,4,20483,6,resid,blocks.6.hook_resid_pre,0,1,19151,0.0010899726767092943,0.0010899726767092943,0.0010899726767092943
135,7,resid,blocks.7.hook_resid_pre,0,4,20483,6,resid,blocks.6.hook_resid_pre,0,3,4894,0.0015977452276274562,0.0015977452276274562,0.0015977452276274562
136,7,resid,blocks.7.hook_resid_pre,0,4,20483,6,resid,blocks.6.hook_resid_pre,0,3,8295,0.0017182448646053672,0.0017182448646053672,0.0017182448646053672
137,7,resid,blocks.7.hook_resid_pre,0,4,20483,6,resid,blocks.6.hook_resid_pre,0,3,19481,0.002350511960685253,0.002350511960685253,0.002350511960685253
138,7,resid,blocks.7.hook_resid_pre,0,4,20483,6,resid,blocks.6.hook_resid_pre,0,4,8928,-0.00855937972664833,0.00855937972664833,0.00855937972664833
139,7,resid,blocks.7.hook_resid_pre,0,4,20483,6,resid,blocks.6.hook_resid_pre,0,4,9197,0.001658957451581955,0.001658957451581955,0.001658957451581955
140,7,resid,blocks.7.hook_resid_pre,0,4,20483,6,resid,blocks.6.hook_resid_pre,0,4,14864,0.0027466346509754658,0.0027466346509754658,0.0027466346509754658
141,7,resid,blocks.7.hook_resid_pre,0,4,22468,6,resid,blocks.6.hook_resid_pre,0,1,19151,-0.0004884816589765251,0.0004884816589765251,0.0004884816589765251
142,7,resid,blocks.7.hook_resid_pre,0,4,22468,6,resid,blocks.6.hook_resid_pre,0,3,4894,-0.0007160447421483696,0.0007160447421483696,0.0007160447421483696
143,7,resid,blocks.7.hook_resid_pre,0,4,22468,6,resid,blocks.6.hook_resid_pre,0,3,8295,-0.0007700477726757526,0.0007700477726757526,0.0007700477726757526
144,7,resid,blocks.7.hook_resid_pre,0,4,22468,6,resid,blocks.6.hook_resid_pre,0,3,19481,-0.0010534042958170176,0.0010534042958170176,0.0010534042958170176
145,7,resid,blocks.7.hook_resid_pre,0,4,22468,6,resid,blocks.6.hook_resid_pre,0,4,8928,0.0038359675090759993,0.0038359675090759993,0.0038359675090759993
146,7,resid,blocks.7.hook_resid_pre,0,4,22468,6,resid,blocks.6.hook_resid_pre,0,4,9197,-0.0007434776052832603,0.0007434776052832603,0.0007434776052832603
147,7,resid,blocks.7.hook_resid_pre,0,4,22468,6,resid,blocks.6.hook_resid_pre,0,4,14864,-0.001230930327437818,0.001230930327437818,0.001230930327437818
148,7,resid,blocks.7.hook_resid_pre,0,10,8836,6,resid,blocks.6.hook_resid_pre,0,1,19151,0.00042414426570758224,0.00042414426570758224,0.00042414426570758224
149,7,resid,blocks.7.hook_resid_pre,0,10,8836,6,resid,blocks.6.hook_resid_pre,0,3,4894,0.0006217352929525077,0.0006217352929525077,0.0006217352929525077
150,7,resid,blocks.7.hook_resid_pre,0,10,8836,6,resid,blocks.6.hook_resid_pre,0,3,8295,0.0006686256383545697,0.0006686256383545697,0.0006686256383545697
151,7,resid,blocks.7.hook_resid_pre,0,10,8836,6,resid,blocks.6.hook_resid_pre,0,3,19481,0.000914661621209234,0.000914661621209234,0.000914661621209234
152,7,resid,blocks.7.hook_resid_pre,0,10,8836,6,resid,blocks.6.hook_resid_pre,0,4,8928,-0.003330736653879285,0.003330736653879285,0.003330736653879285
153,7,resid,blocks.7.hook_resid_pre,0,10,8836,6,resid,blocks.6.hook_resid_pre,0,4,9197,0.000645554973743856,0.000645554973743856,0.000645554973743856
154,7,resid,blocks.7.hook_resid_pre,0,10,8836,6,resid,blocks.6.hook_resid_pre,0,4,14864,0.0010688059264793992,0.0010688059264793992,0.0010688059264793992
155,7,resid,blocks.7.hook_resid_pre,0,10,8836,6,resid,blocks.6.hook_resid_pre,0,5,9135,0.00041801630868576467,0.00041801630868576467,0.00041801630868576467
156,7,resid,blocks.7.hook_resid_pre,0,10,8836,6,resid,blocks.6.hook_resid_pre,0,10,1756,-0.0006080751190893352,0.0006080751190893352,0.0006080751190893352
157,7,resid,blocks.7.hook_resid_pre,0,10,8836,6,resid,blocks.6.hook_resid_pre,0,10,13089,0.0015418240800499916,0.0015418240800499916,0.0015418240800499916
158,7,resid,blocks.7.hook_resid_pre,0,10,8836,6,resid,blocks.6.hook_resid_pre,0,10,14023,-0.0004095223266631365,0.0004095223266631365,0.0004095223266631365
159,7,resid,blocks.7.hook_resid_pre,0,10,18518,6,resid,blocks.6.hook_resid_pre,0,1,19151,0.0011204334441572428,0.0011204334441572428,0.0011204334441572428
160,7,resid,blocks.7.hook_resid_pre,0,10,18518,6,resid,blocks.6.hook_resid_pre,0,3,4894,0.0016423964407294989,0.0016423964407294989,0.0016423964407294989
161,7,resid,blocks.7.hook_resid_pre,0,10,18518,6,resid,blocks.6.hook_resid_pre,0,3,8295,0.0017662636237218976,0.0017662636237218976,0.0017662636237218976
162,7,resid,blocks.7.hook_resid_pre,0,10,18518,6,resid,blocks.6.hook_resid_pre,0,3,19481,0.0024162002373486757,0.0024162002373486757,0.0024162002373486757
163,7,resid,blocks.7.hook_resid_pre,0,10,18518,6,resid,blocks.6.hook_resid_pre,0,4,8928,-0.008798583410680294,0.008798583410680294,0.008798583410680294
164,7,resid,blocks.7.hook_resid_pre,0,10,18518,6,resid,blocks.6.hook_resid_pre,0,4,9197,0.0017053193878382444,0.0017053193878382444,0.0017053193878382444
165,7,resid,blocks.7.hook_resid_pre,0,10,18518,6,resid,blocks.6.hook_resid_pre,0,4,14864,0.0028233930934220552,0.0028233930934220552,0.0028233930934220552
166,7,resid,blocks.7.hook_resid_pre,0,10,18518,6,resid,blocks.6.hook_resid_pre,0,5,9135,0.0011042456608265638,0.0011042456608265638,0.0011042456608265638
167,7,resid,blocks.7.hook_resid_pre,0,10,18518,6,resid,blocks.6.hook_resid_pre,0,10,1756,-0.0016063112998381257,0.0016063112998381257,0.0016063112998381257
168,7,resid,blocks.7.hook_resid_pre,0,10,18518,6,resid,blocks.6.hook_resid_pre,0,10,13089,0.004072933457791805,0.004072933457791805,0.004072933457791805
169,7,resid,blocks.7.hook_resid_pre,0,10,18518,6,resid,blocks.6.hook_resid_pre,0,10,14023,-0.0010818076552823186,0.0010818076552823186,0.0010818076552823186
170,7,resid,blocks.7.hook_resid_pre,0,10,18831,6,resid,blocks.6.hook_resid_pre,0,1,19151,-0.001366706914268434,0.001366706914268434,0.001366706914268434
171,7,resid,blocks.7.hook_resid_pre,0,10,18831,6,resid,blocks.6.hook_resid_pre,0,3,4894,-0.002003398723900318,0.002003398723900318,0.002003398723900318
172,7,resid,blocks.7.hook_resid_pre,0,10,18831,6,resid,blocks.6.hook_resid_pre,0,3,8295,-0.0021544918417930603,0.0021544918417930603,0.0021544918417930603
173,7,resid,blocks.7.hook_resid_pre,0,10,18831,6,resid,blocks.6.hook_resid_pre,0,3,19481,-0.002947285771369934,0.002947285771369934,0.002947285771369934
174,7,resid,blocks.7.hook_resid_pre,0,10,18831,6,resid,blocks.6.hook_resid_pre,0,4,8928,0.010732529684901237,0.010732529684901237,0.010732529684901237
175,7,resid,blocks.7.hook_resid_pre,0,10,18831,6,resid,blocks.6.hook_resid_pre,0,4,9197,-0.0020801520440727472,0.0020801520440727472,0.0020801520440727472
176,7,resid,blocks.7.hook_resid_pre,0,10,18831,6,resid,blocks.6.hook_resid_pre,0,4,14864,-0.0034439805895090103,0.0034439805895090103,0.0034439805895090103
177,7,resid,blocks.7.hook_resid_pre,0,10,18831,6,resid,blocks.6.hook_resid_pre,0,5,9135,-0.0013469611294567585,0.0013469611294567585,0.0013469611294567585
178,7,resid,blocks.7.hook_resid_pre,0,10,18831,6,resid,blocks.6.hook_resid_pre,0,10,1756,0.001959381625056267,0.001959381625056267,0.001959381625056267
179,7,resid,blocks.7.hook_resid_pre,0,10,18831,6,resid,blocks.6.hook_resid_pre,0,10,13089,-0.004968172404915094,0.004968172404915094,0.004968172404915094
180,7,resid,blocks.7.hook_resid_pre,0,10,18831,6,resid,blocks.6.hook_resid_pre,0,10,14023,0.0013195911888033152,0.0013195911888033152,0.0013195911888033152
181,6,resid,blocks.6.hook_resid_pre,0,3,4894,5,resid,blocks.5.hook_resid_pre,0,3,8907,-0.0008143300656229258,0.0008143300656229258,0.0008143300656229258
182,6,resid,blocks.6.hook_resid_pre,0,3,4894,5,resid,blocks.5.hook_resid_pre,0,3,18806,0.0004508563142735511,0.0004508563142735511,0.0004508563142735511
183,6,resid,blocks.6.hook_resid_pre,0,3,8295,5,resid,blocks.5.hook_resid_pre,0,3,8907,-0.0011421532835811377,0.0011421532835811377,0.0011421532835811377
184,6,resid,blocks.6.hook_resid_pre,0,3,8295,5,resid,blocks.5.hook_resid_pre,0,3,18806,0.0006323566776700318,0.0006323566776700318,0.0006323566776700318
185,6,resid,blocks.6.hook_resid_pre,0,3,19481,5,resid,blocks.5.hook_resid_pre,0,3,8907,-0.002125849248841405,0.002125849248841405,0.002125849248841405
186,6,resid,blocks.6.hook_resid_pre,0,3,19481,5,resid,blocks.5.hook_resid_pre,0,3,18806,0.0011769828852266073,0.0011769828852266073,0.0011769828852266073
187,6,resid,blocks.6.hook_resid_pre,0,4,8928,5,resid,blocks.5.hook_resid_pre,0,3,8907,0.0013531914446502924,0.0013531914446502924,0.0013531914446502924
188,6,resid,blocks.6.hook_resid_pre,0,4,8928,5,resid,blocks.5.hook_resid_pre,0,3,18806,-0.0007491985452361405,0.0007491985452361405,0.0007491985452361405
189,6,resid,blocks.6.hook_resid_pre,0,4,8928,5,resid,blocks.5.hook_resid_pre,0,4,3153,0.004158473573625088,0.004158473573625088,0.004158473573625088
190,6,resid,blocks.6.hook_resid_pre,0,4,8928,5,resid,blocks.5.hook_resid_pre,0,4,3871,-0.0005644617485813797,0.0005644617485813797,0.0005644617485813797
191,6,resid,blocks.6.hook_resid_pre,0,4,8928,5,resid,blocks.5.hook_resid_pre,0,4,5452,-0.0006549550453200936,0.0006549550453200936,0.0006549550453200936
192,6,resid,blocks.6.hook_resid_pre,0,4,8928,5,resid,blocks.5.hook_resid_pre,0,4,18857,-0.001541346893645823,0.001541346893645823,0.001541346893645823
193,6,resid,blocks.6.hook_resid_pre,0,4,9197,5,resid,blocks.5.hook_resid_pre,0,3,8907,-0.001504395972006023,0.001504395972006023,0.001504395972006023
194,6,resid,blocks.6.hook_resid_pre,0,4,9197,5,resid,blocks.5.hook_resid_pre,0,3,18806,0.0008329134434461594,0.0008329134434461594,0.0008329134434461594
195,6,resid,blocks.6.hook_resid_pre,0,4,9197,5,resid,blocks.5.hook_resid_pre,0,4,3153,-0.0046231383457779884,0.0046231383457779884,0.0046231383457779884
196,6,resid,blocks.6.hook_resid_pre,0,4,9197,5,resid,blocks.5.hook_resid_pre,0,4,3871,0.0006275342893786728,0.0006275342893786728,0.0006275342893786728
197,6,resid,blocks.6.hook_resid_pre,0,4,9197,5,resid,blocks.5.hook_resid_pre,0,4,5452,0.0007281392463482916,0.0007281392463482916,0.0007281392463482916
198,6,resid,blocks.6.hook_resid_pre,0,4,9197,5,resid,blocks.5.hook_resid_pre,0,4,18857,0.0017135759117081761,0.0017135759117081761,0.0017135759117081761
199,6,resid,blocks.6.hook_resid_pre,0,4,14864,5,resid,blocks.5.hook_resid_pre,0,3,8907,-0.001849261112511158,0.001849261112511158,0.001849261112511158
200,6,resid,blocks.6.hook_resid_pre,0,4,14864,5,resid,blocks.5.hook_resid_pre,0,3,18806,0.001023849006742239,0.001023849006742239,0.001023849006742239
201,6,resid,blocks.6.hook_resid_pre,0,4,14864,5,resid,blocks.5.hook_resid_pre,0,4,3153,-0.005682938266545534,0.005682938266545534,0.005682938266545534
202,6,resid,blocks.6.hook_resid_pre,0,4,14864,5,resid,blocks.5.hook_resid_pre,0,4,3871,0.0007713890518061817,0.0007713890518061817,0.0007713890518061817
203,6,resid,blocks.6.hook_resid_pre,0,4,14864,5,resid,blocks.5.hook_resid_pre,0,4,5452,0.0008950565825216472,0.0008950565825216472,0.0008950565825216472
204,6,resid,blocks.6.hook_resid_pre,0,4,14864,5,resid,blocks.5.hook_resid_pre,0,4,18857,0.002106392988935113,0.002106392988935113,0.002106392988935113
205,6,resid,blocks.6.hook_resid_pre,0,5,9135,5,resid,blocks.5.hook_resid_pre,0,3,8907,-0.0006598896579816937,0.0006598896579816937,0.0006598896579816937
206,6,resid,blocks.6.hook_resid_pre,0,5,9135,5,resid,blocks.5.hook_resid_pre,0,3,18806,0.00036534990067593753,0.00036534990067593753,0.00036534990067593753
207,6,resid,blocks.6.hook_resid_pre,0,5,9135,5,resid,blocks.5.hook_resid_pre,0,4,3153,-0.0020278976298868656,0.0020278976298868656,0.0020278976298868656
208,6,resid,blocks.6.hook_resid_pre,0,5,9135,5,resid,blocks.5.hook_resid_pre,0,4,3871,0.00027526222402229905,0.00027526222402229905,0.00027526222402229905
209,6,resid,blocks.6.hook_resid_pre,0,5,9135,5,resid,blocks.5.hook_resid_pre,0,4,5452,0.0003193916636519134,0.0003193916636519134,0.0003193916636519134
210,6,resid,blocks.6.hook_resid_pre,0,5,9135,5,resid,blocks.5.hook_resid_pre,0,4,18857,0.0007516444893553853,0.0007516444893553853,0.0007516444893553853
211,6,resid,blocks.6.hook_resid_pre,0,10,1756,5,resid,blocks.5.hook_resid_pre,0,3,8907,0.0017501385882496834,0.0017501385882496834,0.0017501385882496834
212,6,resid,blocks.6.hook_resid_pre,0,10,1756,5,resid,blocks.5.hook_resid_pre,0,3,18806,-0.0009689696016721427,0.0009689696016721427,0.0009689696016721427
213,6,resid,blocks.6.hook_resid_pre,0,10,1756,5,resid,blocks.5.hook_resid_pre,0,4,3153,0.005378326401114464,0.005378326401114464,0.005378326401114464
214,6,resid,blocks.6.hook_resid_pre,0,10,1756,5,resid,blocks.5.hook_resid_pre,0,4,3871,-0.0007300417637452483,0.0007300417637452483,0.0007300417637452483
215,6,resid,blocks.6.hook_resid_pre,0,10,1756,5,resid,blocks.5.hook_resid_pre,0,4,5452,-0.0008470805478282273,0.0008470805478282273,0.0008470805478282273
216,6,resid,blocks.6.hook_resid_pre,0,10,1756,5,resid,blocks.5.hook_resid_pre,0,4,18857,-0.001993487821891904,0.001993487821891904,0.001993487821891904
217,6,resid,blocks.6.hook_resid_pre,0,10,1756,5,resid,blocks.5.hook_resid_pre,0,10,14576,0.0007763871108181775,0.0007763871108181775,0.0007763871108181775
218,6,resid,blocks.6.hook_resid_pre,0,10,1756,5,resid,blocks.5.hook_resid_pre,0,10,15415,-0.002341057639569044,0.002341057639569044,0.002341057639569044
219,6,resid,blocks.6.hook_resid_pre,0,10,1756,5,resid,blocks.5.hook_resid_pre,0,10,17855,0.0010555937187746167,0.0010555937187746167,0.0010555937187746167
220,6,resid,blocks.6.hook_resid_pre,0,10,13089,5,resid,blocks.5.hook_resid_pre,0,3,8907,-0.0009087825892493129,0.0009087825892493129,0.0009087825892493129
221,6,resid,blocks.6.hook_resid_pre,0,10,13089,5,resid,blocks.5.hook_resid_pre,0,3,18806,0.0005031502223573625,0.0005031502223573625,0.0005031502223573625
222,6,resid,blocks.6.hook_resid_pre,0,10,13089,5,resid,blocks.5.hook_resid_pre,0,4,3153,-0.002792766783386469,0.002792766783386469,0.002792766783386469
223,6,resid,blocks.6.hook_resid_pre,0,10,13089,5,resid,blocks.5.hook_resid_pre,0,4,3871,0.00037908382364548743,0.00037908382364548743,0.00037908382364548743
224,6,resid,blocks.6.hook_resid_pre,0,10,13089,5,resid,blocks.5.hook_resid_pre,0,4,5452,0.00043985777301713824,0.00043985777301713824,0.00043985777301713824
225,6,resid,blocks.6.hook_resid_pre,0,10,13089,5,resid,blocks.5.hook_resid_pre,0,4,18857,0.0010351449018344283,0.0010351449018344283,0.0010351449018344283
226,6,resid,blocks.6.hook_resid_pre,0,10,13089,5,resid,blocks.5.hook_resid_pre,0,10,14576,-0.0004031492571812123,0.0004031492571812123,0.0004031492571812123
227,6,resid,blocks.6.hook_resid_pre,0,10,13089,5,resid,blocks.5.hook_resid_pre,0,10,15415,0.001215625088661909,0.001215625088661909,0.001215625088661909
228,6,resid,blocks.6.hook_resid_pre,0,10,13089,5,resid,blocks.5.hook_resid_pre,0,10,17855,-0.0005481310072354972,0.0005481310072354972,0.0005481310072354972
229,6,resid,blocks.6.hook_resid_pre,0,10,14023,5,resid,blocks.5.hook_resid_pre,0,3,8907,0.0023971337359398603,0.0023971337359398603,0.0023971337359398603
230,6,resid,blocks.6.hook_resid_pre,0,10,14023,5,resid,blocks.5.hook_resid_pre,0,3,18806,-0.0013271804200485349,0.0013271804200485349,0.0013271804200485349
231,6,resid,blocks.6.hook_resid_pre,0,10,14023,5,resid,blocks.5.hook_resid_pre,0,4,3153,0.00736659811809659,0.00736659811809659,0.00736659811809659
232,6,resid,blocks.6.hook_resid_pre,0,10,14023,5,resid,blocks.5.hook_resid_pre,0,4,3871,-0.0009999251924455166,0.0009999251924455166,0.0009999251924455166
233,6,resid,blocks.6.hook_resid_pre,0,10,14023,5,resid,blocks.5.hook_resid_pre,0,4,5452,-0.0011602311860769987,0.0011602311860769987,0.0011602311860769987
234,6,resid,blocks.6.hook_resid_pre,0,10,14023,5,resid,blocks.5.hook_resid_pre,0,4,18857,-0.002730444772168994,0.002730444772168994,0.002730444772168994
235,6,resid,blocks.6.hook_resid_pre,0,10,14023,5,resid,blocks.5.hook_resid_pre,0,10,14576,0.0010634035570546985,0.0010634035570546985,0.0010634035570546985
236,6,resid,blocks.6.hook_resid_pre,0,10,14023,5,resid,blocks.5.hook_resid_pre,0,10,15415,-0.0032065047416836023,0.0032065047416836023,0.0032065047416836023
237,6,resid,blocks.6.hook_resid_pre,0,10,14023,5,resid,blocks.5.hook_resid_pre,0,10,17855,0.0014458278892561793,0.0014458278892561793,0.0014458278892561793
238,6,resid,blocks.6.hook_resid_pre,0,14,6485,5,resid,blocks.5.hook_resid_pre,0,3,8907,-0.000899166043382138,0.000899166043382138,0.000899166043382138
239,6,resid,blocks.6.hook_resid_pre,0,14,6485,5,resid,blocks.5.hook_resid_pre,0,3,18806,0.0004978260258212686,0.0004978260258212686,0.0004978260258212686
240,6,resid,blocks.6.hook_resid_pre,0,14,6485,5,resid,blocks.5.hook_resid_pre,0,4,3153,-0.002763214288279414,0.002763214288279414,0.002763214288279414
241,6,resid,blocks.6.hook_resid_pre,0,14,6485,5,resid,blocks.5.hook_resid_pre,0,4,3871,0.0003750724426936358,0.0003750724426936358,0.0003750724426936358
242,6,resid,blocks.6.hook_resid_pre,0,14,6485,5,resid,blocks.5.hook_resid_pre,0,4,5452,0.00043520325561985373,0.00043520325561985373,0.00043520325561985373
243,6,resid,blocks.6.hook_resid_pre,0,14,6485,5,resid,blocks.5.hook_resid_pre,0,4,18857,0.0010241912677884102,0.0010241912677884102,0.0010241912677884102
244,6,resid,blocks.6.hook_resid_pre,0,14,6485,5,resid,blocks.5.hook_resid_pre,0,10,14576,-0.0003988831886090338,0.0003988831886090338,0.0003988831886090338
245,6,resid,blocks.6.hook_resid_pre,0,14,6485,5,resid,blocks.5.hook_resid_pre,0,10,15415,0.0012027615448459983,0.0012027615448459983,0.0012027615448459983
246,6,resid,blocks.6.hook_resid_pre,0,14,6485,5,resid,blocks.5.hook_resid_pre,0,10,17855,-0.000542330730240792,0.000542330730240792,0.000542330730240792
247,6,resid,blocks.6.hook_resid_pre,0,14,6485,5,resid,blocks.5.hook_resid_pre,0,11,6417,0.00036087253829464316,0.00036087253829464316,0.00036087253829464316
248,6,resid,blocks.6.hook_resid_pre,0,14,6485,5,resid,blocks.5.hook_resid_pre,0,14,22468,0.00044414325384423137,0.00044414325384423137,0.00044414325384423137
249,6,resid,blocks.6.hook_resid_pre,0,14,14858,5,resid,blocks.5.hook_resid_pre,0,3,8907,-0.0004996830830350518,0.0004996830830350518,0.0004996830830350518
250,6,resid,blocks.6.hook_resid_pre,0,14,14858,5,resid,blocks.5.hook_resid_pre,0,3,18806,0.00027665100060403347,0.00027665100060403347,0.00027665100060403347
251,6,resid,blocks.6.hook_resid_pre,0,14,14858,5,resid,blocks.5.hook_resid_pre,0,4,3153,-0.0015355688519775867,0.0015355688519775867,0.0015355688519775867
252,6,resid,blocks.6.hook_resid_pre,0,14,14858,5,resid,blocks.5.hook_resid_pre,0,4,3871,0.00020843463425990194,0.00020843463425990194,0.00020843463425990194
253,6,resid,blocks.6.hook_resid_pre,0,14,14858,5,resid,blocks.5.hook_resid_pre,0,4,5452,0.0002418504300294444,0.0002418504300294444,0.0002418504300294444
254,6,resid,blocks.6.hook_resid_pre,0,14,14858,5,resid,blocks.5.hook_resid_pre,0,4,18857,0.0005691618425771594,0.0005691618425771594,0.0005691618425771594
255,6,resid,blocks.6.hook_resid_pre,0,14,14858,5,resid,blocks.5.hook_resid_pre,0,10,14576,-0.00022166670532897115,0.00022166670532897115,0.00022166670532897115
256,6,resid,blocks.6.hook_resid_pre,0,14,14858,5,resid,blocks.5.hook_resid_pre,0,10,15415,0.0006683966494165361,0.0006683966494165361,0.0006683966494165361
257,6,resid,blocks.6.hook_resid_pre,0,14,14858,5,resid,blocks.5.hook_resid_pre,0,10,17855,-0.0003013831446878612,0.0003013831446878612,0.0003013831446878612
258,6,resid,blocks.6.hook_resid_pre,0,14,14858,5,resid,blocks.5.hook_resid_pre,0,11,6417,0.0002005434944294393,0.0002005434944294393,0.0002005434944294393
259,6,resid,blocks.6.hook_resid_pre,0,14,14858,5,resid,blocks.5.hook_resid_pre,0,14,22468,0.00024681855575181544,0.00024681855575181544,0.00024681855575181544
260,5,resid,blocks.5.hook_resid_pre,0,3,8907,4,resid,blocks.4.hook_resid_pre,0,1,279,-0.0007972822058945894,0.0007972822058945894,0.0007972822058945894
261,5,resid,blocks.5.hook_resid_pre,0,3,8907,4,resid,blocks.4.hook_resid_pre,0,2,1362,-0.00150266382843256,0.00150266382843256,0.00150266382843256
262,5,resid,blocks.5.hook_resid_pre,0,3,8907,4,resid,blocks.4.hook_resid_pre,0,3,983,-0.0009478073916397989,0.0009478073916397989,0.0009478073916397989
263,5,resid,blocks.5.hook_resid_pre,0,3,8907,4,resid,blocks.4.hook_resid_pre,0,3,16302,0.0009267132263630629,0.0009267132263630629,0.0009267132263630629
264,5,resid,blocks.5.hook_resid_pre,0,3,18806,4,resid,blocks.4.hook_resid_pre,0,1,279,0.0006382298306562006,0.0006382298306562006,0.0006382298306562006
265,5,resid,blocks.5.hook_resid_pre,0,3,18806,4,resid,blocks.4.hook_resid_pre,0,2,1362,0.0012028926284983754,0.0012028926284983754,0.0012028926284983754
266,5,resid,blocks.5.hook_resid_pre,0,3,18806,4,resid,blocks.4.hook_resid_pre,0,3,983,0.0007587262662127614,0.0007587262662127614,0.0007587262662127614
267,5,resid,blocks.5.hook_resid_pre,0,3,18806,4,resid,blocks.4.hook_resid_pre,0,3,16302,-0.0007418402237817645,0.0007418402237817645,0.0007418402237817645
268,5,resid,blocks.5.hook_resid_pre,0,4,3153,4,resid,blocks.4.hook_resid_pre,0,1,279,-0.0005506245070137084,0.0005506245070137084,0.0005506245070137084
269,5,resid,blocks.5.hook_resid_pre,0,4,3153,4,resid,blocks.4.hook_resid_pre,0,2,1362,-0.001037779962643981,0.001037779962643981,0.001037779962643981
270,5,resid,blocks.5.hook_resid_pre,0,4,3153,4,resid,blocks.4.hook_resid_pre,0,3,983,-0.0006545812357217073,0.0006545812357217073,0.0006545812357217073
271,5,resid,blocks.5.hook_resid_pre,0,4,3153,4,resid,blocks.4.hook_resid_pre,0,3,16302,0.0006400130805559456,0.0006400130805559456,0.0006400130805559456
272,5,resid,blocks.5.hook_resid_pre,0,4,3153,4,resid,blocks.4.hook_resid_pre,0,4,4823,-0.0007771344389766455,0.0007771344389766455,0.0007771344389766455
273,5,resid,blocks.5.hook_resid_pre,0,4,3153,4,resid,blocks.4.hook_resid_pre,0,4,6773,0.0034956661984324455,0.0034956661984324455,0.0034956661984324455
274,5,resid,blocks.5.hook_resid_pre,0,4,3153,4,resid,blocks.4.hook_resid_pre,0,4,16862,-0.0008371358271688223,0.0008371358271688223,0.0008371358271688223
275,5,resid,blocks.5.hook_resid_pre,0,4,3153,4,resid,blocks.4.hook_resid_pre,0,4,18578,-0.0005765970563516021,0.0005765970563516021,0.0005765970563516021
276,5,resid,blocks.5.hook_resid_pre,0,4,3153,4,resid,blocks.4.hook_resid_pre,0,4,20765,-0.0019454836146906018,0.0019454836146906018,0.0019454836146906018
277,5,resid,blocks.5.hook_resid_pre,0,4,3871,4,resid,blocks.4.hook_resid_pre,0,1,279,0.0012177870376035571,0.0012177870376035571,0.0012177870376035571
278,5,resid,blocks.5.hook_resid_pre,0,4,3871,4,resid,blocks.4.hook_resid_pre,0,2,1362,0.0022952030412852764,0.0022952030412852764,0.0022952030412852764
279,5,resid,blocks.5.hook_resid_pre,0,4,3871,4,resid,blocks.4.hook_resid_pre,0,3,983,0.0014477027580142021,0.0014477027580142021,0.0014477027580142021
280,5,resid,blocks.5.hook_resid_pre,0,4,3871,4,resid,blocks.4.hook_resid_pre,0,3,16302,-0.0014154829550534487,0.0014154829550534487,0.0014154829550534487
281,5,resid,blocks.5.hook_resid_pre,0,4,3871,4,resid,blocks.4.hook_resid_pre,0,4,4823,0.0017187469638884068,0.0017187469638884068,0.0017187469638884068
282,5,resid,blocks.5.hook_resid_pre,0,4,3871,4,resid,blocks.4.hook_resid_pre,0,4,6773,-0.007731179241091013,0.007731179241091013,0.007731179241091013
283,5,resid,blocks.5.hook_resid_pre,0,4,3871,4,resid,blocks.4.hook_resid_pre,0,4,16862,0.0018514490220695734,0.0018514490220695734,0.0018514490220695734
284,5,resid,blocks.5.hook_resid_pre,0,4,3871,4,resid,blocks.4.hook_resid_pre,0,4,18578,0.0012752292677760124,0.0012752292677760124,0.0012752292677760124
285,5,resid,blocks.5.hook_resid_pre,0,4,3871,4,resid,blocks.4.hook_resid_pre,0,4,20765,0.004302722867578268,0.004302722867578268,0.004302722867578268
286,5,resid,blocks.5.hook_resid_pre,0,4,5452,4,resid,blocks.4.hook_resid_pre,0,1,279,0.0006127548404037952,0.0006127548404037952,0.0006127548404037952
287,5,resid,blocks.5.hook_resid_pre,0,4,5452,4,resid,blocks.4.hook_resid_pre,0,2,1362,0.0011548789916560054,0.0011548789916560054,0.0011548789916560054
288,5,resid,blocks.5.hook_resid_pre,0,4,5452,4,resid,blocks.4.hook_resid_pre,0,3,983,0.0007284416351467371,0.0007284416351467371,0.0007284416351467371
289,5,resid,blocks.5.hook_resid_pre,0,4,5452,4,resid,blocks.4.hook_resid_pre,0,3,16302,-0.0007122295792214572,0.0007122295792214572,0.0007122295792214572
290,5,resid,blocks.5.hook_resid_pre,0,4,5452,4,resid,blocks.4.hook_resid_pre,0,4,4823,0.0008648232324048877,0.0008648232324048877,0.0008648232324048877
291,5,resid,blocks.5.hook_resid_pre,0,4,5452,4,resid,blocks.4.hook_resid_pre,0,4,6773,-0.003890103427693248,0.003890103427693248,0.003890103427693248
292,5,resid,blocks.5.hook_resid_pre,0,4,5452,4,resid,blocks.4.hook_resid_pre,0,4,16862,0.0009315950446762145,0.0009315950446762145,0.0009315950446762145
293,5,resid,blocks.5.hook_resid_pre,0,4,5452,4,resid,blocks.4.hook_resid_pre,0,4,18578,0.0006416580290533602,0.0006416580290533602,0.0006416580290533602
294,5,resid,blocks.5.hook_resid_pre,0,4,5452,4,resid,blocks.4.hook_resid_pre,0,4,20765,0.002165004378184676,0.002165004378184676,0.002165004378184676
295,5,resid,blocks.5.hook_resid_pre,0,4,18857,4,resid,blocks.4.hook_resid_pre,0,1,279,0.001316856243647635,0.001316856243647635,0.001316856243647635
296,5,resid,blocks.5.hook_resid_pre,0,4,18857,4,resid,blocks.4.hook_resid_pre,0,2,1362,0.002481921575963497,0.002481921575963497,0.002481921575963497
297,5,resid,blocks.5.hook_resid_pre,0,4,18857,4,resid,blocks.4.hook_resid_pre,0,3,983,0.0015654758317396045,0.0015654758317396045,0.0015654758317396045
298,5,resid,blocks.5.hook_resid_pre,0,4,18857,4,resid,blocks.4.hook_resid_pre,0,3,16302,-0.0015306349378079176,0.0015306349378079176,0.0015306349378079176
299,5,resid,blocks.5.hook_resid_pre,0,4,18857,4,resid,blocks.4.hook_resid_pre,0,4,4823,0.0018585699144750834,0.0018585699144750834,0.0018585699144750834
300,5,resid,blocks.5.hook_resid_pre,0,4,18857,4,resid,blocks.4.hook_resid_pre,0,4,6773,-0.008360124193131924,0.008360124193131924,0.008360124193131924
301,5,resid,blocks.5.hook_resid_pre,0,4,18857,4,resid,blocks.4.hook_resid_pre,0,4,16862,0.002002067631110549,0.002002067631110549,0.002002067631110549
302,5,resid,blocks.5.hook_resid_pre,0,4,18857,4,resid,blocks.4.hook_resid_pre,0,4,18578,0.0013789712684229016,0.0013789712684229016,0.0013789712684229016
303,5,resid,blocks.5.hook_resid_pre,0,4,18857,4,resid,blocks.4.hook_resid_pre,0,4,20765,0.004652756731957197,0.004652756731957197,0.004652756731957197
304,5,resid,blocks.5.hook_resid_pre,0,10,14576,4,resid,blocks.4.hook_resid_pre,0,1,279,-0.0010364900808781385,0.0010364900808781385,0.0010364900808781385
305,5,resid,blocks.5.hook_resid_pre,0,10,14576,4,resid,blocks.4.hook_resid_pre,0,2,1362,-0.0019535066094249487,0.0019535066094249487,0.0019535066094249487
306,5,resid,blocks.5.hook_resid_pre,0,10,14576,4,resid,blocks.4.hook_resid_pre,0,3,983,-0.0012321772519499063,0.0012321772519499063,0.0012321772519499063
307,5,resid,blocks.5.hook_resid_pre,0,10,14576,4,resid,blocks.4.hook_resid_pre,0,3,16302,0.00120475422590971,0.00120475422590971,0.00120475422590971
308,5,resid,blocks.5.hook_resid_pre,0,10,14576,4,resid,blocks.4.hook_resid_pre,0,4,4823,-0.001462870161049068,0.001462870161049068,0.001462870161049068
309,5,resid,blocks.5.hook_resid_pre,0,10,14576,4,resid,blocks.4.hook_resid_pre,0,4,6773,0.006580207031220198,0.006580207031220198,0.006580207031220198
310,5,resid,blocks.5.hook_resid_pre,0,10,14576,4,resid,blocks.4.hook_resid_pre,0,4,16862,-0.0015758163062855601,0.0015758163062855601,0.0015758163062855601
311,5,resid,blocks.5.hook_resid_pre,0,10,14576,4,resid,blocks.4.hook_resid_pre,0,4,18578,-0.001085380557924509,0.001085380557924509,0.001085380557924509
312,5,resid,blocks.5.hook_resid_pre,0,10,14576,4,resid,blocks.4.hook_resid_pre,0,4,20765,-0.003662159200757742,0.003662159200757742,0.003662159200757742
313,5,resid,blocks.5.hook_resid_pre,0,10,14576,4,resid,blocks.4.hook_resid_pre,0,10,1362,-0.0010620197281241417,0.0010620197281241417,0.0010620197281241417
314,5,resid,blocks.5.hook_resid_pre,0,10,14576,4,resid,blocks.4.hook_resid_pre,0,10,5336,0.0010071060387417674,0.0010071060387417674,0.0010071060387417674
315,5,resid,blocks.5.hook_resid_pre,0,10,14576,4,resid,blocks.4.hook_resid_pre,0,10,14214,0.001122229965403676,0.001122229965403676,0.001122229965403676
316,5,resid,blocks.5.hook_resid_pre,0,10,15415,4,resid,blocks.4.hook_resid_pre,0,1,279,0.0003417095576878637,0.0003417095576878637,0.0003417095576878637
317,5,resid,blocks.5.hook_resid_pre,0,10,15415,4,resid,blocks.4.hook_resid_pre,0,2,1362,0.0006440311553888023,0.0006440311553888023,0.0006440311553888023
318,5,resid,blocks.5.hook_resid_pre,0,10,15415,4,resid,blocks.4.hook_resid_pre,0,3,983,0.00040622358210384846,0.00040622358210384846,0.00040622358210384846
319,5,resid,blocks.5.hook_resid_pre,0,10,15415,4,resid,blocks.4.hook_resid_pre,0,3,16302,-0.00039718279731459916,0.00039718279731459916,0.00039718279731459916
320,5,resid,blocks.5.hook_resid_pre,0,10,15415,4,resid,blocks.4.hook_resid_pre,0,4,4823,0.00048227826482616365,0.00048227826482616365,0.00048227826482616365
321,5,resid,blocks.5.hook_resid_pre,0,10,15415,4,resid,blocks.4.hook_resid_pre,0,4,6773,-0.002169359475374222,0.002169359475374222,0.002169359475374222
322,5,resid,blocks.5.hook_resid_pre,0,10,15415,4,resid,blocks.4.hook_resid_pre,0,4,16862,0.0005195143749006093,0.0005195143749006093,0.0005195143749006093
323,5,resid,blocks.5.hook_resid_pre,0,10,15415,4,resid,blocks.4.hook_resid_pre,0,4,18578,0.0003578277537599206,0.0003578277537599206,0.0003578277537599206
324,5,resid,blocks.5.hook_resid_pre,0,10,15415,4,resid,blocks.4.hook_resid_pre,0,4,20765,0.0012073388788849115,0.0012073388788849115,0.0012073388788849115
325,5,resid,blocks.5.hook_resid_pre,0,10,15415,4,resid,blocks.4.hook_resid_pre,0,10,1362,0.0003501261817291379,0.0003501261817291379,0.0003501261817291379
326,5,resid,blocks.5.hook_resid_pre,0,10,15415,4,resid,blocks.4.hook_resid_pre,0,10,5336,-0.00033202223130501807,0.00033202223130501807,0.00033202223130501807
327,5,resid,blocks.5.hook_resid_pre,0,10,15415,4,resid,blocks.4.hook_resid_pre,0,10,14214,-0.00036997621646150947,0.00036997621646150947,0.00036997621646150947
328,5,resid,blocks.5.hook_resid_pre,0,10,17855,4,resid,blocks.4.hook_resid_pre,0,1,279,-0.0007121368544176221,0.0007121368544176221,0.0007121368544176221
329,5,resid,blocks.5.hook_resid_pre,0,10,17855,4,resid,blocks.4.hook_resid_pre,0,2,1362,-0.001342187519185245,0.001342187519185245,0.001342187519185245
330,5,resid,blocks.5.hook_resid_pre,0,10,17855,4,resid,blocks.4.hook_resid_pre,0,3,983,-0.0008465868304483593,0.0008465868304483593,0.0008465868304483593
331,5,resid,blocks.5.hook_resid_pre,0,10,17855,4,resid,blocks.4.hook_resid_pre,0,3,16302,0.0008277454180642962,0.0008277454180642962,0.0008277454180642962
332,5,resid,blocks.5.hook_resid_pre,0,10,17855,4,resid,blocks.4.hook_resid_pre,0,4,4823,-0.0010050879791378975,0.0010050879791378975,0.0010050879791378975
333,5,resid,blocks.5.hook_resid_pre,0,10,17855,4,resid,blocks.4.hook_resid_pre,0,4,6773,0.004521035123616457,0.004521035123616457,0.004521035123616457
334,5,resid,blocks.5.hook_resid_pre,0,10,17855,4,resid,blocks.4.hook_resid_pre,0,4,16862,-0.0010826893849298358,0.0010826893849298358,0.0010826893849298358
335,5,resid,blocks.5.hook_resid_pre,0,10,17855,4,resid,blocks.4.hook_resid_pre,0,4,18578,-0.0007457278552465141,0.0007457278552465141,0.0007457278552465141
336,5,resid,blocks.5.hook_resid_pre,0,10,17855,4,resid,blocks.4.hook_resid_pre,0,4,20765,-0.002516144188120961,0.002516144188120961,0.002516144188120961
337,5,resid,blocks.5.hook_resid_pre,0,10,17855,4,resid,blocks.4.hook_resid_pre,0,10,1362,-0.0007296774419955909,0.0007296774419955909,0.0007296774419955909
338,5,resid,blocks.5.hook_resid_pre,0,10,17855,4,resid,blocks.4.hook_resid_pre,0,10,5336,0.0006919480510987341,0.0006919480510987341,0.0006919480510987341
339,5,resid,blocks.5.hook_resid_pre,0,10,17855,4,resid,blocks.4.hook_resid_pre,0,10,14214,0.000771045743022114,0.000771045743022114,0.000771045743022114
340,5,resid,blocks.5.hook_resid_pre,0,11,6417,4,resid,blocks.4.hook_resid_pre,0,1,279,0.0001148669543908909,0.0001148669543908909,0.0001148669543908909
341,5,resid,blocks.5.hook_resid_pre,0,11,6417,4,resid,blocks.4.hook_resid_pre,0,2,1362,0.0002164934849133715,0.0002164934849133715,0.0002164934849133715
342,5,resid,blocks.5.hook_resid_pre,0,11,6417,4,resid,blocks.4.hook_resid_pre,0,3,983,0.00013655358634423465,0.00013655358634423465,0.00013655358634423465
343,5,resid,blocks.5.hook_resid_pre,0,11,6417,4,resid,blocks.4.hook_resid_pre,0,3,16302,-0.00013351447705645114,0.00013351447705645114,0.00013351447705645114
344,5,resid,blocks.5.hook_resid_pre,0,11,6417,4,resid,blocks.4.hook_resid_pre,0,4,4823,0.00016211967158596963,0.00016211967158596963,0.00016211967158596963
345,5,resid,blocks.5.hook_resid_pre,0,11,6417,4,resid,blocks.4.hook_resid_pre,0,4,6773,-0.0007292383816093206,0.0007292383816093206,0.0007292383816093206
346,5,resid,blocks.5.hook_resid_pre,0,11,6417,4,resid,blocks.4.hook_resid_pre,0,4,16862,0.00017463670519646257,0.00017463670519646257,0.00017463670519646257
347,5,resid,blocks.5.hook_resid_pre,0,11,6417,4,resid,blocks.4.hook_resid_pre,0,4,18578,0.00012028514174744487,0.00012028514174744487,0.00012028514174744487
348,5,resid,blocks.5.hook_resid_pre,0,11,6417,4,resid,blocks.4.hook_resid_pre,0,4,20765,0.0004058514896314591,0.0004058514896314591,0.0004058514896314591
349,5,resid,blocks.5.hook_resid_pre,0,11,6417,4,resid,blocks.4.hook_resid_pre,0,10,1362,0.00011769622506108135,0.00011769622506108135,0.00011769622506108135
350,5,resid,blocks.5.hook_resid_pre,0,11,6417,4,resid,blocks.4.hook_resid_pre,0,10,5336,-0.00011161051952512935,0.00011161051952512935,0.00011161051952512935
351,5,resid,blocks.5.hook_resid_pre,0,11,6417,4,resid,blocks.4.hook_resid_pre,0,10,14214,-0.00012436890392564237,0.00012436890392564237,0.00012436890392564237
352,5,resid,blocks.5.hook_resid_pre,0,14,22468,4,resid,blocks.4.hook_resid_pre,0,1,279,0.0003795336524490267,0.0003795336524490267,0.0003795336524490267
353,5,resid,blocks.5.hook_resid_pre,0,14,22468,4,resid,blocks.4.hook_resid_pre,0,2,1362,0.0007153194164857268,0.0007153194164857268,0.0007153194164857268
354,5,resid,blocks.5.hook_resid_pre,0,14,22468,4,resid,blocks.4.hook_resid_pre,0,3,983,0.0004511887673288584,0.0004511887673288584,0.0004511887673288584
355,5,resid,blocks.5.hook_resid_pre,0,14,22468,4,resid,blocks.4.hook_resid_pre,0,3,16302,-0.0004411472473293543,0.0004411472473293543,0.0004411472473293543
356,5,resid,blocks.5.hook_resid_pre,0,14,22468,4,resid,blocks.4.hook_resid_pre,0,4,4823,0.0005356620531529188,0.0005356620531529188,0.0005356620531529188
357,5,resid,blocks.5.hook_resid_pre,0,14,22468,4,resid,blocks.4.hook_resid_pre,0,4,6773,-0.002409487497061491,0.002409487497061491,0.002409487497061491
358,5,resid,blocks.5.hook_resid_pre,0,14,22468,4,resid,blocks.4.hook_resid_pre,0,4,16862,0.0005770197603851557,0.0005770197603851557,0.0005770197603851557
359,5,resid,blocks.5.hook_resid_pre,0,14,22468,4,resid,blocks.4.hook_resid_pre,0,4,18578,0.0003974359424319118,0.0003974359424319118,0.0003974359424319118
360,5,resid,blocks.5.hook_resid_pre,0,14,22468,4,resid,blocks.4.hook_resid_pre,0,4,20765,0.001340980059467256,0.001340980059467256,0.001340980059467256
361,5,resid,blocks.5.hook_resid_pre,0,14,22468,4,resid,blocks.4.hook_resid_pre,0,10,1362,0.00038888189010322094,0.00038888189010322094,0.00038888189010322094
362,5,resid,blocks.5.hook_resid_pre,0,14,22468,4,resid,blocks.4.hook_resid_pre,0,10,5336,-0.0003687739954330027,0.0003687739954330027,0.0003687739954330027
363,5,resid,blocks.5.hook_resid_pre,0,14,22468,4,resid,blocks.4.hook_resid_pre,0,10,14214,-0.0004109291476197541,0.0004109291476197541,0.0004109291476197541
364,5,resid,blocks.5.hook_resid_pre,0,14,22468,4,resid,blocks.4.hook_resid_pre,0,13,10420,0.00041124384733848274,0.00041124384733848274,0.00041124384733848274
365,5,resid,blocks.5.hook_resid_pre,0,14,22468,4,resid,blocks.4.hook_resid_pre,0,14,23209,0.00042947198380716145,0.00042947198380716145,0.00042947198380716145
366,4,resid,blocks.4.hook_resid_pre,0,3,983,3,resid,blocks.3.hook_resid_pre,0,3,12742,0.0005359884235076606,0.0005359884235076606,0.0005359884235076606
367,4,resid,blocks.4.hook_resid_pre,0,3,16302,3,resid,blocks.3.hook_resid_pre,0,3,12742,-0.000850117125082761,0.000850117125082761,0.000850117125082761
368,4,resid,blocks.4.hook_resid_pre,0,4,4823,3,resid,blocks.3.hook_resid_pre,0,3,12742,0.002245363313704729,0.002245363313704729,0.002245363313704729
369,4,resid,blocks.4.hook_resid_pre,0,4,4823,3,resid,blocks.3.hook_resid_pre,0,4,325,-0.007162515074014664,0.007162515074014664,0.007162515074014664
370,4,resid,blocks.4.hook_resid_pre,0,4,4823,3,resid,blocks.3.hook_resid_pre,0,4,4309,0.0013382203178480268,0.0013382203178480268,0.0013382203178480268
371,4,resid,blocks.4.hook_resid_pre,0,4,4823,3,resid,blocks.3.hook_resid_pre,0,4,17688,0.0021399541292339563,0.0021399541292339563,0.0021399541292339563
372,4,resid,blocks.4.hook_resid_pre,0,4,6773,3,resid,blocks.3.hook_resid_pre,0,3,12742,-0.0008446862921118736,0.0008446862921118736,0.0008446862921118736
373,4,resid,blocks.4.hook_resid_pre,0,4,6773,3,resid,blocks.3.hook_resid_pre,0,4,325,0.002694476628676057,0.002694476628676057,0.002694476628676057
374,4,resid,blocks.4.hook_resid_pre,0,4,6773,3,resid,blocks.3.hook_resid_pre,0,4,4309,-0.0005034269415773451,0.0005034269415773451,0.0005034269415773451
375,4,resid,blocks.4.hook_resid_pre,0,4,6773,3,resid,blocks.3.hook_resid_pre,0,4,17688,-0.000805032264906913,0.000805032264906913,0.000805032264906913
376,4,resid,blocks.4.hook_resid_pre,0,4,16862,3,resid,blocks.3.hook_resid_pre,0,3,12742,0.002765025943517685,0.002765025943517685,0.002765025943517685
377,4,resid,blocks.4.hook_resid_pre,0,4,16862,3,resid,blocks.3.hook_resid_pre,0,4,325,-0.008820194751024246,0.008820194751024246,0.008820194751024246
378,4,resid,blocks.4.hook_resid_pre,0,4,16862,3,resid,blocks.3.hook_resid_pre,0,4,4309,0.0016479355981573462,0.0016479355981573462,0.0016479355981573462
379,4,resid,blocks.4.hook_resid_pre,0,4,16862,3,resid,blocks.3.hook_resid_pre,0,4,17688,0.0026352209970355034,0.0026352209970355034,0.0026352209970355034
380,4,resid,blocks.4.hook_resid_pre,0,4,18578,3,resid,blocks.3.hook_resid_pre,0,3,12742,0.002754656597971916,0.002754656597971916,0.002754656597971916
381,4,resid,blocks.4.hook_resid_pre,0,4,18578,3,resid,blocks.3.hook_resid_pre,0,4,325,-0.008787117898464203,0.008787117898464203,0.008787117898464203
382,4,resid,blocks.4.hook_resid_pre,0,4,18578,3,resid,blocks.3.hook_resid_pre,0,4,4309,0.0016417554579675198,0.0016417554579675198,0.0016417554579675198
383,4,resid,blocks.4.hook_resid_pre,0,4,18578,3,resid,blocks.3.hook_resid_pre,0,4,17688,0.002625338500365615,0.002625338500365615,0.002625338500365615
384,4,resid,blocks.4.hook_resid_pre,0,4,20765,3,resid,blocks.3.hook_resid_pre,0,3,12742,0.0022589433938264847,0.0022589433938264847,0.0022589433938264847
385,4,resid,blocks.4.hook_resid_pre,0,4,20765,3,resid,blocks.3.hook_resid_pre,0,4,325,-0.007205834612250328,0.007205834612250328,0.007205834612250328
386,4,resid,blocks.4.hook_resid_pre,0,4,20765,3,resid,blocks.3.hook_resid_pre,0,4,4309,0.0013463139766827226,0.0013463139766827226,0.0013463139766827226
387,4,resid,blocks.4.hook_resid_pre,0,4,20765,3,resid,blocks.3.hook_resid_pre,0,4,17688,0.002152896486222744,0.002152896486222744,0.002152896486222744
388,4,resid,blocks.4.hook_resid_pre,0,10,1362,3,resid,blocks.3.hook_resid_pre,0,3,12742,0.00018298743816558272,0.00018298743816558272,0.00018298743816558272
389,4,resid,blocks.4.hook_resid_pre,0,10,1362,3,resid,blocks.3.hook_resid_pre,0,4,325,-0.0005837141652591527,0.0005837141652591527,0.0005837141652591527
390,4,resid,blocks.4.hook_resid_pre,0,10,1362,3,resid,blocks.3.hook_resid_pre,0,4,4309,0.00010905920498771593,0.00010905920498771593,0.00010905920498771593
391,4,resid,blocks.4.hook_resid_pre,0,10,1362,3,resid,blocks.3.hook_resid_pre,0,4,17688,0.0001743970497045666,0.0001743970497045666,0.0001743970497045666
392,4,resid,blocks.4.hook_resid_pre,0,10,1362,3,resid,blocks.3.hook_resid_pre,0,7,1899,0.00010090210707858205,0.00010090210707858205,0.00010090210707858205
393,4,resid,blocks.4.hook_resid_pre,0,10,1362,3,resid,blocks.3.hook_resid_pre,0,10,3774,0.00011637165152933449,0.00011637165152933449,0.00011637165152933449
394,4,resid,blocks.4.hook_resid_pre,0,10,1362,3,resid,blocks.3.hook_resid_pre,0,10,10564,-9.779770334716886e-05,9.779770334716886e-05,9.779770334716886e-05
395,4,resid,blocks.4.hook_resid_pre,0,10,1362,3,resid,blocks.3.hook_resid_pre,0,10,13879,-0.00010548165300861001,0.00010548165300861001,0.00010548165300861001
396,4,resid,blocks.4.hook_resid_pre,0,10,5336,3,resid,blocks.3.hook_resid_pre,0,3,12742,-0.000942062062676996,0.000942062062676996,0.000942062062676996
397,4,resid,blocks.4.hook_resid_pre,0,10,5336,3,resid,blocks.3.hook_resid_pre,0,4,325,0.0030050966888666153,0.0030050966888666153,0.0030050966888666153
398,4,resid,blocks.4.hook_resid_pre,0,10,5336,3,resid,blocks.3.hook_resid_pre,0,4,4309,-0.0005614621331915259,0.0005614621331915259,0.0005614621331915259
399,4,resid,blocks.4.hook_resid_pre,0,10,5336,3,resid,blocks.3.hook_resid_pre,0,4,17688,-0.0008978366968221962,0.0008978366968221962,0.0008978366968221962
400,4,resid,blocks.4.hook_resid_pre,0,10,5336,3,resid,blocks.3.hook_resid_pre,0,7,1899,-0.0005194675177335739,0.0005194675177335739,0.0005194675177335739
401,4,resid,blocks.4.hook_resid_pre,0,10,5336,3,resid,blocks.3.hook_resid_pre,0,10,3774,-0.0005991083453409374,0.0005991083453409374,0.0005991083453409374
402,4,resid,blocks.4.hook_resid_pre,0,10,5336,3,resid,blocks.3.hook_resid_pre,0,10,10564,0.0005034853238612413,0.0005034853238612413,0.0005034853238612413
403,4,resid,blocks.4.hook_resid_pre,0,10,5336,3,resid,blocks.3.hook_resid_pre,0,10,13879,0.0005430441233329475,0.0005430441233329475,0.0005430441233329475
404,4,resid,blocks.4.hook_resid_pre,0,10,14214,3,resid,blocks.3.hook_resid_pre,0,3,12742,-0.0013568606227636337,0.0013568606227636337,0.0013568606227636337
405,4,resid,blocks.4.hook_resid_pre,0,10,14214,3,resid,blocks.3.hook_resid_pre,0,4,325,0.004328268114477396,0.004328268114477396,0.004328268114477396
406,4,resid,blocks.4.hook_resid_pre,0,10,14214,3,resid,blocks.3.hook_resid_pre,0,4,4309,-0.0008086790912784636,0.0008086790912784636,0.0008086790912784636
407,4,resid,blocks.4.hook_resid_pre,0,10,14214,3,resid,blocks.3.hook_resid_pre,0,4,17688,-0.0012931623496115208,0.0012931623496115208,0.0012931623496115208
408,4,resid,blocks.4.hook_resid_pre,0,10,14214,3,resid,blocks.3.hook_resid_pre,0,7,1899,-0.000748193881008774,0.000748193881008774,0.000748193881008774
409,4,resid,blocks.4.hook_resid_pre,0,10,14214,3,resid,blocks.3.hook_resid_pre,0,10,3774,-0.0008629013318568468,0.0008629013318568468,0.0008629013318568468
410,4,resid,blocks.4.hook_resid_pre,0,10,14214,3,resid,blocks.3.hook_resid_pre,0,10,10564,0.0007251746137626469,0.0007251746137626469,0.0007251746137626469
411,4,resid,blocks.4.hook_resid_pre,0,10,14214,3,resid,blocks.3.hook_resid_pre,0,10,13879,0.0007821514154784381,0.0007821514154784381,0.0007821514154784381
412,4,resid,blocks.4.hook_resid_pre,0,13,10420,3,resid,blocks.3.hook_resid_pre,0,3,12742,0.00014893470506649464,0.00014893470506649464,0.00014893470506649464
413,4,resid,blocks.4.hook_resid_pre,0,13,10420,3,resid,blocks.3.hook_resid_pre,0,4,325,-0.0004750888328999281,0.0004750888328999281,0.0004750888328999281
414,4,resid,blocks.4.hook_resid_pre,0,13,10420,3,resid,blocks.3.hook_resid_pre,0,4,4309,8.876400534063578e-05,8.876400534063578e-05,8.876400534063578e-05
415,4,resid,blocks.4.hook_resid_pre,0,13,10420,3,resid,blocks.3.hook_resid_pre,0,4,17688,0.00014194290270097554,0.00014194290270097554,0.00014194290270097554
416,4,resid,blocks.4.hook_resid_pre,0,13,10420,3,resid,blocks.3.hook_resid_pre,0,7,1899,8.212489046854898e-05,8.212489046854898e-05,8.212489046854898e-05
417,4,resid,blocks.4.hook_resid_pre,0,13,10420,3,resid,blocks.3.hook_resid_pre,0,10,3774,9.471565863350406e-05,9.471565863350406e-05,9.471565863350406e-05
418,4,resid,blocks.4.hook_resid_pre,0,13,10420,3,resid,blocks.3.hook_resid_pre,0,10,10564,-7.959819777170196e-05,7.959819777170196e-05,7.959819777170196e-05
419,4,resid,blocks.4.hook_resid_pre,0,13,10420,3,resid,blocks.3.hook_resid_pre,0,10,13879,-8.585221803514287e-05,8.585221803514287e-05,8.585221803514287e-05
420,4,resid,blocks.4.hook_resid_pre,0,13,10420,3,resid,blocks.3.hook_resid_pre,0,13,17963,-9.549601236358285e-05,9.549601236358285e-05,9.549601236358285e-05
421,4,resid,blocks.4.hook_resid_pre,0,13,10420,3,resid,blocks.3.hook_resid_pre,0,13,19214,0.00011695594730554149,0.00011695594730554149,0.00011695594730554149
422,4,resid,blocks.4.hook_resid_pre,0,14,23209,3,resid,blocks.3.hook_resid_pre,0,3,12742,0.0009785074507817626,0.0009785074507817626,0.0009785074507817626
423,4,resid,blocks.4.hook_resid_pre,0,14,23209,3,resid,blocks.3.hook_resid_pre,0,4,325,-0.00312135461717844,0.00312135461717844,0.00312135461717844
424,4,resid,blocks.4.hook_resid_pre,0,14,23209,3,resid,blocks.3.hook_resid_pre,0,4,4309,0.0005831833695992827,0.0005831833695992827,0.0005831833695992827
425,4,resid,blocks.4.hook_resid_pre,0,14,23209,3,resid,blocks.3.hook_resid_pre,0,4,17688,0.0009325711289420724,0.0009325711289420724,0.0009325711289420724
426,4,resid,blocks.4.hook_resid_pre,0,14,23209,3,resid,blocks.3.hook_resid_pre,0,7,1899,0.0005395641201175749,0.0005395641201175749,0.0005395641201175749
427,4,resid,blocks.4.hook_resid_pre,0,14,23209,3,resid,blocks.3.hook_resid_pre,0,10,3774,0.00062228599563241,0.00062228599563241,0.00062228599563241
428,4,resid,blocks.4.hook_resid_pre,0,14,23209,3,resid,blocks.3.hook_resid_pre,0,10,10564,-0.0005229636444710195,0.0005229636444710195,0.0005229636444710195
429,4,resid,blocks.4.hook_resid_pre,0,14,23209,3,resid,blocks.3.hook_resid_pre,0,10,13879,-0.0005640527815558016,0.0005640527815558016,0.0005640527815558016
430,4,resid,blocks.4.hook_resid_pre,0,14,23209,3,resid,blocks.3.hook_resid_pre,0,13,17963,-0.0006274129846133292,0.0006274129846133292,0.0006274129846133292
431,4,resid,blocks.4.hook_resid_pre,0,14,23209,3,resid,blocks.3.hook_resid_pre,0,13,19214,0.0007684056763537228,0.0007684056763537228,0.0007684056763537228
432,4,resid,blocks.4.hook_resid_pre,0,14,23209,3,resid,blocks.3.hook_resid_pre,0,14,8310,0.0010879446053877473,0.0010879446053877473,0.0010879446053877473
433,3,resid,blocks.3.hook_resid_pre,0,3,12742,2,resid,blocks.2.hook_resid_pre,0,1,2093,0.0015164152719080448,0.0015164152719080448,0.0015164152719080448
434,3,resid,blocks.3.hook_resid_pre,0,3,12742,2,resid,blocks.2.hook_resid_pre,0,1,9769,-0.001396092469803989,0.001396092469803989,0.001396092469803989
435,3,resid,blocks.3.hook_resid_pre,0,3,12742,2,resid,blocks.2.hook_resid_pre,0,1,18529,-0.002491998253390193,0.002491998253390193,0.002491998253390193
436,3,resid,blocks.3.hook_resid_pre,0,3,12742,2,resid,blocks.2.hook_resid_pre,0,2,9667,-0.0008391737355850637,0.0008391737355850637,0.0008391737355850637
437,3,resid,blocks.3.hook_resid_pre,0,3,12742,2,resid,blocks.2.hook_resid_pre,0,3,8840,0.0032951985485851765,0.0032951985485851765,0.0032951985485851765
438,3,resid,blocks.3.hook_resid_pre,0,4,325,2,resid,blocks.2.hook_resid_pre,0,1,2093,-0.0007622498669661582,0.0007622498669661582,0.0007622498669661582
439,3,resid,blocks.3.hook_resid_pre,0,4,325,2,resid,blocks.2.hook_resid_pre,0,1,9769,0.0007017677999101579,0.0007017677999101579,0.0007017677999101579
440,3,resid,blocks.3.hook_resid_pre,0,4,325,2,resid,blocks.2.hook_resid_pre,0,1,18529,0.0012526419013738632,0.0012526419013738632,0.0012526419013738632
441,3,resid,blocks.3.hook_resid_pre,0,4,325,2,resid,blocks.2.hook_resid_pre,0,2,9667,0.00042182381730526686,0.00042182381730526686,0.00042182381730526686
442,3,resid,blocks.3.hook_resid_pre,0,4,325,2,resid,blocks.2.hook_resid_pre,0,3,8840,-0.0016563830431550741,0.0016563830431550741,0.0016563830431550741
443,3,resid,blocks.3.hook_resid_pre,0,4,325,2,resid,blocks.2.hook_resid_pre,0,4,6328,-0.00044961663661524653,0.00044961663661524653,0.00044961663661524653
444,3,resid,blocks.3.hook_resid_pre,0,4,325,2,resid,blocks.2.hook_resid_pre,0,4,14114,0.0032262157183140516,0.0032262157183140516,0.0032262157183140516
445,3,resid,blocks.3.hook_resid_pre,0,4,325,2,resid,blocks.2.hook_resid_pre,0,4,23578,-0.0005810354487039149,0.0005810354487039149,0.0005810354487039149
446,3,resid,blocks.3.hook_resid_pre,0,4,4309,2,resid,blocks.2.hook_resid_pre,0,1,2093,0.001983362017199397,0.001983362017199397,0.001983362017199397
447,3,resid,blocks.3.hook_resid_pre,0,4,4309,2,resid,blocks.2.hook_resid_pre,0,1,9769,-0.0018259885255247355,0.0018259885255247355,0.0018259885255247355
448,3,resid,blocks.3.hook_resid_pre,0,4,4309,2,resid,blocks.2.hook_resid_pre,0,1,18529,-0.0032593540381640196,0.0032593540381640196,0.0032593540381640196
449,3,resid,blocks.3.hook_resid_pre,0,4,4309,2,resid,blocks.2.hook_resid_pre,0,2,9667,-0.001097578788176179,0.001097578788176179,0.001097578788176179
450,3,resid,blocks.3.hook_resid_pre,0,4,4309,2,resid,blocks.2.hook_resid_pre,0,3,8840,0.004309881944209337,0.004309881944209337,0.004309881944209337
451,3,resid,blocks.3.hook_resid_pre,0,4,4309,2,resid,blocks.2.hook_resid_pre,0,4,6328,0.0011698952876031399,0.0011698952876031399,0.0011698952876031399
452,3,resid,blocks.3.hook_resid_pre,0,4,4309,2,resid,blocks.2.hook_resid_pre,0,4,14114,-0.008394560776650906,0.008394560776650906,0.008394560776650906
453,3,resid,blocks.3.hook_resid_pre,0,4,4309,2,resid,blocks.2.hook_resid_pre,0,4,23578,0.0015118449227884412,0.0015118449227884412,0.0015118449227884412
454,3,resid,blocks.3.hook_resid_pre,0,4,17688,2,resid,blocks.2.hook_resid_pre,0,1,2093,0.0009235301986336708,0.0009235301986336708,0.0009235301986336708
455,3,resid,blocks.3.hook_resid_pre,0,4,17688,2,resid,blocks.2.hook_resid_pre,0,1,9769,-0.000850251002702862,0.000850251002702862,0.000850251002702862
456,3,resid,blocks.3.hook_resid_pre,0,4,17688,2,resid,blocks.2.hook_resid_pre,0,1,18529,-0.0015176815213635564,0.0015176815213635564,0.0015176815213635564
457,3,resid,blocks.3.hook_resid_pre,0,4,17688,2,resid,blocks.2.hook_resid_pre,0,2,9667,-0.0005110751953907311,0.0005110751953907311,0.0005110751953907311
458,3,resid,blocks.3.hook_resid_pre,0,4,17688,2,resid,blocks.2.hook_resid_pre,0,3,8840,0.0020068481098860502,0.0020068481098860502,0.0020068481098860502
459,3,resid,blocks.3.hook_resid_pre,0,4,17688,2,resid,blocks.2.hook_resid_pre,0,4,6328,0.0005447485600598156,0.0005447485600598156,0.0005447485600598156
460,3,resid,blocks.3.hook_resid_pre,0,4,17688,2,resid,blocks.2.hook_resid_pre,0,4,14114,-0.003908833023160696,0.003908833023160696,0.003908833023160696
461,3,resid,blocks.3.hook_resid_pre,0,4,17688,2,resid,blocks.2.hook_resid_pre,0,4,23578,0.0007039735792204738,0.0007039735792204738,0.0007039735792204738
462,3,resid,blocks.3.hook_resid_pre,0,7,1899,2,resid,blocks.2.hook_resid_pre,0,1,2093,0.0003515869320835918,0.0003515869320835918,0.0003515869320835918
463,3,resid,blocks.3.hook_resid_pre,0,7,1899,2,resid,blocks.2.hook_resid_pre,0,1,9769,-0.00032368963002227247,0.00032368963002227247,0.00032368963002227247
464,3,resid,blocks.3.hook_resid_pre,0,7,1899,2,resid,blocks.2.hook_resid_pre,0,1,18529,-0.0005777797196060419,0.0005777797196060419,0.0005777797196060419
465,3,resid,blocks.3.hook_resid_pre,0,7,1899,2,resid,blocks.2.hook_resid_pre,0,2,9667,-0.00019456578593235463,0.00019456578593235463,0.00019456578593235463
466,3,resid,blocks.3.hook_resid_pre,0,7,1899,2,resid,blocks.2.hook_resid_pre,0,3,8840,0.0007640048861503601,0.0007640048861503601,0.0007640048861503601
467,3,resid,blocks.3.hook_resid_pre,0,7,1899,2,resid,blocks.2.hook_resid_pre,0,4,6328,0.0002073851937893778,0.0002073851937893778,0.0002073851937893778
468,3,resid,blocks.3.hook_resid_pre,0,7,1899,2,resid,blocks.2.hook_resid_pre,0,4,14114,-0.001488088513724506,0.001488088513724506,0.001488088513724506
469,3,resid,blocks.3.hook_resid_pre,0,7,1899,2,resid,blocks.2.hook_resid_pre,0,4,23578,0.0002680020115803927,0.0002680020115803927,0.0002680020115803927
470,3,resid,blocks.3.hook_resid_pre,0,7,1899,2,resid,blocks.2.hook_resid_pre,0,7,17688,0.0004293495148885995,0.0004293495148885995,0.0004293495148885995
471,3,resid,blocks.3.hook_resid_pre,0,10,3774,2,resid,blocks.2.hook_resid_pre,0,1,2093,0.00020124170987401158,0.00020124170987401158,0.00020124170987401158
472,3,resid,blocks.3.hook_resid_pre,0,10,3774,2,resid,blocks.2.hook_resid_pre,0,1,9769,-0.0001852738205343485,0.0001852738205343485,0.0001852738205343485
473,3,resid,blocks.3.hook_resid_pre,0,10,3774,2,resid,blocks.2.hook_resid_pre,0,1,18529,-0.0003307101724203676,0.0003307101724203676,0.0003307101724203676
474,3,resid,blocks.3.hook_resid_pre,0,10,3774,2,resid,blocks.2.hook_resid_pre,0,2,9667,-0.00011136577086290345,0.00011136577086290345,0.00011136577086290345
475,3,resid,blocks.3.hook_resid_pre,0,10,3774,2,resid,blocks.2.hook_resid_pre,0,3,8840,0.0004373019328340888,0.0004373019328340888,0.0004373019328340888
476,3,resid,blocks.3.hook_resid_pre,0,10,3774,2,resid,blocks.2.hook_resid_pre,0,4,6328,0.000118703355838079,0.000118703355838079,0.000118703355838079
477,3,resid,blocks.3.hook_resid_pre,0,10,3774,2,resid,blocks.2.hook_resid_pre,0,4,14114,-0.0008517536916770041,0.0008517536916770041,0.0008517536916770041
478,3,resid,blocks.3.hook_resid_pre,0,10,3774,2,resid,blocks.2.hook_resid_pre,0,4,23578,0.00015339926176238805,0.00015339926176238805,0.00015339926176238805
479,3,resid,blocks.3.hook_resid_pre,0,10,3774,2,resid,blocks.2.hook_resid_pre,0,7,17688,0.0002457515220157802,0.0002457515220157802,0.0002457515220157802
480,3,resid,blocks.3.hook_resid_pre,0,10,10564,2,resid,blocks.2.hook_resid_pre,0,1,2093,-0.0013016873272135854,0.0013016873272135854,0.0013016873272135854
481,3,resid,blocks.3.hook_resid_pre,0,10,10564,2,resid,blocks.2.hook_resid_pre,0,1,9769,0.0011984026059508324,0.0011984026059508324,0.0011984026059508324
482,3,resid,blocks.3.hook_resid_pre,0,10,10564,2,resid,blocks.2.hook_resid_pre,0,1,18529,0.002139125484973192,0.002139125484973192,0.002139125484973192
483,3,resid,blocks.3.hook_resid_pre,0,10,10564,2,resid,blocks.2.hook_resid_pre,0,2,9667,0.000720344833098352,0.000720344833098352,0.000720344833098352
484,3,resid,blocks.3.hook_resid_pre,0,10,10564,2,resid,blocks.2.hook_resid_pre,0,3,8840,-0.0028285905718803406,0.0028285905718803406,0.0028285905718803406
485,3,resid,blocks.3.hook_resid_pre,0,10,10564,2,resid,blocks.2.hook_resid_pre,0,4,6328,-0.0007678063702769578,0.0007678063702769578,0.0007678063702769578
486,3,resid,blocks.3.hook_resid_pre,0,10,10564,2,resid,blocks.2.hook_resid_pre,0,4,14114,0.005509380251169205,0.005509380251169205,0.005509380251169205
487,3,resid,blocks.3.hook_resid_pre,0,10,10564,2,resid,blocks.2.hook_resid_pre,0,4,23578,-0.0009922292083501816,0.0009922292083501816,0.0009922292083501816
488,3,resid,blocks.3.hook_resid_pre,0,10,10564,2,resid,blocks.2.hook_resid_pre,0,7,17688,-0.001589589286595583,0.001589589286595583,0.001589589286595583
489,3,resid,blocks.3.hook_resid_pre,0,10,13879,2,resid,blocks.2.hook_resid_pre,0,1,2093,-0.0010780766606330872,0.0010780766606330872,0.0010780766606330872
490,3,resid,blocks.3.hook_resid_pre,0,10,13879,2,resid,blocks.2.hook_resid_pre,0,1,9769,0.0009925347985699773,0.0009925347985699773,0.0009925347985699773
491,3,resid,blocks.3.hook_resid_pre,0,10,13879,2,resid,blocks.2.hook_resid_pre,0,1,18529,0.0017716552829369903,0.0017716552829369903,0.0017716552829369903
492,3,resid,blocks.3.hook_resid_pre,0,10,13879,2,resid,blocks.2.hook_resid_pre,0,2,9667,0.0005966001772321761,0.0005966001772321761,0.0005966001772321761
493,3,resid,blocks.3.hook_resid_pre,0,10,13879,2,resid,blocks.2.hook_resid_pre,0,3,8840,-0.0023426804691553116,0.0023426804691553116,0.0023426804691553116
494,3,resid,blocks.3.hook_resid_pre,0,10,13879,2,resid,blocks.2.hook_resid_pre,0,4,6328,-0.0006359085673466325,0.0006359085673466325,0.0006359085673466325
495,3,resid,blocks.3.hook_resid_pre,0,10,13879,2,resid,blocks.2.hook_resid_pre,0,4,14114,0.004562949761748314,0.004562949761748314,0.004562949761748314
496,3,resid,blocks.3.hook_resid_pre,0,10,13879,2,resid,blocks.2.hook_resid_pre,0,4,23578,-0.0008217788999900222,0.0008217788999900222,0.0008217788999900222
497,3,resid,blocks.3.hook_resid_pre,0,10,13879,2,resid,blocks.2.hook_resid_pre,0,7,17688,-0.0013165214331820607,0.0013165214331820607,0.0013165214331820607
498,3,resid,blocks.3.hook_resid_pre,0,13,17963,2,resid,blocks.2.hook_resid_pre,0,1,2093,-0.0013513299636542797,0.0013513299636542797,0.0013513299636542797
499,3,resid,blocks.3.hook_resid_pre,0,13,17963,2,resid,blocks.2.hook_resid_pre,0,1,9769,0.0012441062135621905,0.0012441062135621905,0.0012441062135621905
500,3,resid,blocks.3.hook_resid_pre,0,13,17963,2,resid,blocks.2.hook_resid_pre,0,1,18529,0.0022207056172192097,0.0022207056172192097,0.0022207056172192097
501,3,resid,blocks.3.hook_resid_pre,0,13,17963,2,resid,blocks.2.hook_resid_pre,0,2,9667,0.0007478166953660548,0.0007478166953660548,0.0007478166953660548
502,3,resid,blocks.3.hook_resid_pre,0,13,17963,2,resid,blocks.2.hook_resid_pre,0,3,8840,-0.002936464734375477,0.002936464734375477,0.002936464734375477
503,3,resid,blocks.3.hook_resid_pre,0,13,17963,2,resid,blocks.2.hook_resid_pre,0,4,6328,-0.0007970882579684258,0.0007970882579684258,0.0007970882579684258
504,3,resid,blocks.3.hook_resid_pre,0,13,17963,2,resid,blocks.2.hook_resid_pre,0,4,14114,0.00571949128061533,0.00571949128061533,0.00571949128061533
505,3,resid,blocks.3.hook_resid_pre,0,13,17963,2,resid,blocks.2.hook_resid_pre,0,4,23578,-0.001030069892294705,0.001030069892294705,0.001030069892294705
506,3,resid,blocks.3.hook_resid_pre,0,13,17963,2,resid,blocks.2.hook_resid_pre,0,7,17688,-0.0016502116341143847,0.0016502116341143847,0.0016502116341143847
507,3,resid,blocks.3.hook_resid_pre,0,13,17963,2,resid,blocks.2.hook_resid_pre,0,13,15887,0.0007807645597495139,0.0007807645597495139,0.0007807645597495139
508,3,resid,blocks.3.hook_resid_pre,0,13,17963,2,resid,blocks.2.hook_resid_pre,0,13,16472,-0.0010038759792223573,0.0010038759792223573,0.0010038759792223573
509,3,resid,blocks.3.hook_resid_pre,0,13,19214,2,resid,blocks.2.hook_resid_pre,0,1,2093,0.00019193137995898724,0.00019193137995898724,0.00019193137995898724
510,3,resid,blocks.3.hook_resid_pre,0,13,19214,2,resid,blocks.2.hook_resid_pre,0,1,9769,-0.00017670224769972265,0.00017670224769972265,0.00017670224769972265
511,3,resid,blocks.3.hook_resid_pre,0,13,19214,2,resid,blocks.2.hook_resid_pre,0,1,18529,-0.0003154100850224495,0.0003154100850224495,0.0003154100850224495
512,3,resid,blocks.3.hook_resid_pre,0,13,19214,2,resid,blocks.2.hook_resid_pre,0,2,9667,-0.00010621351248119026,0.00010621351248119026,0.00010621351248119026
513,3,resid,blocks.3.hook_resid_pre,0,13,19214,2,resid,blocks.2.hook_resid_pre,0,3,8840,0.0004170704632997513,0.0004170704632997513,0.0004170704632997513
514,3,resid,blocks.3.hook_resid_pre,0,13,19214,2,resid,blocks.2.hook_resid_pre,0,4,6328,0.00011321162310196087,0.00011321162310196087,0.00011321162310196087
515,3,resid,blocks.3.hook_resid_pre,0,13,19214,2,resid,blocks.2.hook_resid_pre,0,4,14114,-0.0008123478619381785,0.0008123478619381785,0.0008123478619381785
516,3,resid,blocks.3.hook_resid_pre,0,13,19214,2,resid,blocks.2.hook_resid_pre,0,4,23578,0.00014630235091317445,0.00014630235091317445,0.00014630235091317445
517,3,resid,blocks.3.hook_resid_pre,0,13,19214,2,resid,blocks.2.hook_resid_pre,0,7,17688,0.00023438197968062013,0.00023438197968062013,0.00023438197968062013
518,3,resid,blocks.3.hook_resid_pre,0,13,19214,2,resid,blocks.2.hook_resid_pre,0,13,15887,-0.00011089315376011655,0.00011089315376011655,0.00011089315376011655
519,3,resid,blocks.3.hook_resid_pre,0,13,19214,2,resid,blocks.2.hook_resid_pre,0,13,16472,0.00014258199371397495,0.00014258199371397495,0.00014258199371397495
520,3,resid,blocks.3.hook_resid_pre,0,14,8310,2,resid,blocks.2.hook_resid_pre,0,1,2093,0.0008940416155382991,0.0008940416155382991,0.0008940416155382991
521,3,resid,blocks.3.hook_resid_pre,0,14,8310,2,resid,blocks.2.hook_resid_pre,0,1,9769,-0.000823102192953229,0.000823102192953229,0.000823102192953229
522,3,resid,blocks.3.hook_resid_pre,0,14,8310,2,resid,blocks.2.hook_resid_pre,0,1,18529,-0.0014692215481773019,0.0014692215481773019,0.0014692215481773019
523,3,resid,blocks.3.hook_resid_pre,0,14,8310,2,resid,blocks.2.hook_resid_pre,0,2,9667,-0.0004947564448229969,0.0004947564448229969,0.0004947564448229969
524,3,resid,blocks.3.hook_resid_pre,0,14,8310,2,resid,blocks.2.hook_resid_pre,0,3,8840,0.0019427689258009195,0.0019427689258009195,0.0019427689258009195
525,3,resid,blocks.3.hook_resid_pre,0,14,8310,2,resid,blocks.2.hook_resid_pre,0,4,6328,0.0005273545975796878,0.0005273545975796878,0.0005273545975796878
526,3,resid,blocks.3.hook_resid_pre,0,14,8310,2,resid,blocks.2.hook_resid_pre,0,4,14114,-0.003784022992476821,0.003784022992476821,0.003784022992476821
527,3,resid,blocks.3.hook_resid_pre,0,14,8310,2,resid,blocks.2.hook_resid_pre,0,4,23578,0.0006814955268055201,0.0006814955268055201,0.0006814955268055201
528,3,resid,blocks.3.hook_resid_pre,0,14,8310,2,resid,blocks.2.hook_resid_pre,0,7,17688,0.0010917821200564504,0.0010917821200564504,0.0010917821200564504
529,3,resid,blocks.3.hook_resid_pre,0,14,8310,2,resid,blocks.2.hook_resid_pre,0,13,15887,-0.000516554806381464,0.000516554806381464,0.000516554806381464
530,3,resid,blocks.3.hook_resid_pre,0,14,8310,2,resid,blocks.2.hook_resid_pre,0,13,16472,0.000664165650960058,0.000664165650960058,0.000664165650960058
531,3,resid,blocks.3.hook_resid_pre,0,14,8310,2,resid,blocks.2.hook_resid_pre,0,14,14779,0.0013589630834758282,0.0013589630834758282,0.0013589630834758282
532,2,resid,blocks.2.hook_resid_pre,0,2,9667,1,resid,blocks.1.hook_resid_pre,0,2,1737,0.00021471969375852495,0.00021471969375852495,0.00021471969375852495
533,2,resid,blocks.2.hook_resid_pre,0,3,8840,1,resid,blocks.1.hook_resid_pre,0,2,1737,-0.0012880098074674606,0.0012880098074674606,0.0012880098074674606
534,2,resid,blocks.2.hook_resid_pre,0,3,8840,1,resid,blocks.1.hook_resid_pre,0,3,6941,0.0006569349206984043,0.0006569349206984043,0.0006569349206984043
535,2,resid,blocks.2.hook_resid_pre,0,4,6328,1,resid,blocks.1.hook_resid_pre,0,2,1737,-0.0015054884133860469,0.0015054884133860469,0.0015054884133860469
536,2,resid,blocks.2.hook_resid_pre,0,4,6328,1,resid,blocks.1.hook_resid_pre,0,3,6941,0.0007678574766032398,0.0007678574766032398,0.0007678574766032398
537,2,resid,blocks.2.hook_resid_pre,0,4,6328,1,resid,blocks.1.hook_resid_pre,0,4,989,-0.001492195762693882,0.001492195762693882,0.001492195762693882
538,2,resid,blocks.2.hook_resid_pre,0,4,14114,1,resid,blocks.1.hook_resid_pre,0,2,1737,0.0014776639873161912,0.0014776639873161912,0.0014776639873161912
539,2,resid,blocks.2.hook_resid_pre,0,4,14114,1,resid,blocks.1.hook_resid_pre,0,3,6941,-0.0007536659250035882,0.0007536659250035882,0.0007536659250035882
540,2,resid,blocks.2.hook_resid_pre,0,4,14114,1,resid,blocks.1.hook_resid_pre,0,4,989,0.0014646169729530811,0.0014646169729530811,0.0014646169729530811
541,2,resid,blocks.2.hook_resid_pre,0,4,23578,1,resid,blocks.1.hook_resid_pre,0,2,1737,-0.0014789954293519258,0.0014789954293519258,0.0014789954293519258
542,2,resid,blocks.2.hook_resid_pre,0,4,23578,1,resid,blocks.1.hook_resid_pre,0,3,6941,0.0007543449755758047,0.0007543449755758047,0.0007543449755758047
543,2,resid,blocks.2.hook_resid_pre,0,4,23578,1,resid,blocks.1.hook_resid_pre,0,4,989,-0.0014659364242106676,0.0014659364242106676,0.0014659364242106676
544,2,resid,blocks.2.hook_resid_pre,0,7,17688,1,resid,blocks.1.hook_resid_pre,0,2,1737,-0.0007173423655331135,0.0007173423655331135,0.0007173423655331135
545,2,resid,blocks.2.hook_resid_pre,0,7,17688,1,resid,blocks.1.hook_resid_pre,0,3,6941,0.0003658724017441273,0.0003658724017441273,0.0003658724017441273
546,2,resid,blocks.2.hook_resid_pre,0,7,17688,1,resid,blocks.1.hook_resid_pre,0,4,989,-0.0007110085571184754,0.0007110085571184754,0.0007110085571184754
547,2,resid,blocks.2.hook_resid_pre,0,13,15887,1,resid,blocks.1.hook_resid_pre,0,2,1737,0.002323863795027137,0.002323863795027137,0.002323863795027137
548,2,resid,blocks.2.hook_resid_pre,0,13,15887,1,resid,blocks.1.hook_resid_pre,0,3,6941,-0.0011852605966851115,0.0011852605966851115,0.0011852605966851115
549,2,resid,blocks.2.hook_resid_pre,0,13,15887,1,resid,blocks.1.hook_resid_pre,0,4,989,0.0023033451288938522,0.0023033451288938522,0.0023033451288938522
550,2,resid,blocks.2.hook_resid_pre,0,13,16472,1,resid,blocks.1.hook_resid_pre,0,2,1737,-0.0002691029221750796,0.0002691029221750796,0.0002691029221750796
551,2,resid,blocks.2.hook_resid_pre,0,13,16472,1,resid,blocks.1.hook_resid_pre,0,3,6941,0.0001372529222862795,0.0001372529222862795,0.0001372529222862795
552,2,resid,blocks.2.hook_resid_pre,0,13,16472,1,resid,blocks.1.hook_resid_pre,0,4,989,-0.0002667268563527614,0.0002667268563527614,0.0002667268563527614
553,2,resid,blocks.2.hook_resid_pre,0,14,14779,1,resid,blocks.1.hook_resid_pre,0,2,1737,-0.0011310550617054105,0.0011310550617054105,0.0011310550617054105
554,2,resid,blocks.2.hook_resid_pre,0,14,14779,1,resid,blocks.1.hook_resid_pre,0,3,6941,0.0005768818664364517,0.0005768818664364517,0.0005768818664364517
555,2,resid,blocks.2.hook_resid_pre,0,14,14779,1,resid,blocks.1.hook_resid_pre,0,4,989,-0.001121068256907165,0.001121068256907165,0.001121068256907165
556,2,resid,blocks.2.hook_resid_pre,0,14,14779,1,resid,blocks.1.hook_resid_pre,0,14,4948,0.0011534122750163078,0.0011534122750163078,0.0011534122750163078
557,1,resid,blocks.1.hook_resid_pre,0,2,1737,0,resid,blocks.0.hook_resid_pre,0,2,1206,0.0006623778608627617,0.0006623778608627617,0.0006623778608627617
558,1,resid,blocks.1.hook_resid_pre,0,3,6941,0,resid,blocks.0.hook_resid_pre,0,2,1206,-0.000435344350989908,0.000435344350989908,0.000435344350989908
559,1,resid,blocks.1.hook_resid_pre,0,4,989,0,resid,blocks.0.hook_resid_pre,0,2,1206,0.000515136169269681,0.000515136169269681,0.000515136169269681
560,1,resid,blocks.1.hook_resid_pre,0,4,989,0,resid,blocks.0.hook_resid_pre,0,4,4185,0.002342901425436139,0.002342901425436139,0.002342901425436139
561,1,resid,blocks.1.hook_resid_pre,0,4,989,0,resid,blocks.0.hook_resid_pre,0,4,15033,-0.00021901876607444137,0.00021901876607444137,0.00021901876607444137
562,1,resid,blocks.1.hook_resid_pre,0,14,4948,0,resid,blocks.0.hook_resid_pre,0,2,1206,-0.0009941578609868884,0.0009941578609868884,0.0009941578609868884
563,1,resid,blocks.1.hook_resid_pre,0,14,4948,0,resid,blocks.0.hook_resid_pre,0,4,4185,-0.004521550145000219,0.004521550145000219,0.004521550145000219
564,1,resid,blocks.1.hook_resid_pre,0,14,4948,0,resid,blocks.0.hook_resid_pre,0,4,15033,0.00042268287506885827,0.00042268287506885827,0.00042268287506885827
565,1,resid,blocks.1.hook_resid_pre,0,14,4948,0,resid,blocks.0.hook_resid_pre,0,14,12728,0.0009076875285245478,0.0009076875285245478,0.0009076875285245478
